{
    "name": "root",
    "gauges": {
        "Ballin.Policy.Entropy.mean": {
            "value": 1.416825771331787,
            "min": 1.416825771331787,
            "max": 1.416825771331787,
            "count": 1
        },
        "Ballin.Policy.Entropy.sum": {
            "value": 71076.484375,
            "min": 71076.484375,
            "max": 71076.484375,
            "count": 1
        },
        "Ballin.Environment.EpisodeLength.mean": {
            "value": 25.138975966562175,
            "min": 25.138975966562175,
            "max": 25.138975966562175,
            "count": 1
        },
        "Ballin.Environment.EpisodeLength.sum": {
            "value": 48116.0,
            "min": 48116.0,
            "max": 48116.0,
            "count": 1
        },
        "Ballin.Step.mean": {
            "value": 49995.0,
            "min": 49995.0,
            "max": 49995.0,
            "count": 1
        },
        "Ballin.Step.sum": {
            "value": 49995.0,
            "min": 49995.0,
            "max": 49995.0,
            "count": 1
        },
        "Ballin.Policy.ExtrinsicValueEstimate.mean": {
            "value": 8.988940238952637,
            "min": 8.988940238952637,
            "max": 8.988940238952637,
            "count": 1
        },
        "Ballin.Policy.ExtrinsicValueEstimate.sum": {
            "value": 17213.8203125,
            "min": 17213.8203125,
            "max": 17213.8203125,
            "count": 1
        },
        "Ballin.Environment.CumulativeReward.mean": {
            "value": 24.156891803123287,
            "min": 24.156891803123287,
            "max": 24.156891803123287,
            "count": 1
        },
        "Ballin.Environment.CumulativeReward.sum": {
            "value": 46212.13401937485,
            "min": 46212.13401937485,
            "max": 46212.13401937485,
            "count": 1
        },
        "Ballin.Policy.ExtrinsicReward.mean": {
            "value": 24.156891803123287,
            "min": 24.156891803123287,
            "max": 24.156891803123287,
            "count": 1
        },
        "Ballin.Policy.ExtrinsicReward.sum": {
            "value": 46212.13401937485,
            "min": 46212.13401937485,
            "max": 46212.13401937485,
            "count": 1
        },
        "Ballin.Losses.PolicyLoss.mean": {
            "value": 0.021993316721636798,
            "min": 0.021993316721636798,
            "max": 0.021993316721636798,
            "count": 1
        },
        "Ballin.Losses.PolicyLoss.sum": {
            "value": 0.08797326688654719,
            "min": 0.08797326688654719,
            "max": 0.08797326688654719,
            "count": 1
        },
        "Ballin.Losses.ValueLoss.mean": {
            "value": 23.761862826347354,
            "min": 23.761862826347354,
            "max": 23.761862826347354,
            "count": 1
        },
        "Ballin.Losses.ValueLoss.sum": {
            "value": 95.04745130538942,
            "min": 95.04745130538942,
            "max": 95.04745130538942,
            "count": 1
        },
        "Ballin.Policy.LearningRate.mean": {
            "value": 0.0002846274051242,
            "min": 0.0002846274051242,
            "max": 0.0002846274051242,
            "count": 1
        },
        "Ballin.Policy.LearningRate.sum": {
            "value": 0.0011385096204968,
            "min": 0.0011385096204968,
            "max": 0.0011385096204968,
            "count": 1
        },
        "Ballin.Policy.Epsilon.mean": {
            "value": 0.19487580000000004,
            "min": 0.19487580000000004,
            "max": 0.19487580000000004,
            "count": 1
        },
        "Ballin.Policy.Epsilon.sum": {
            "value": 0.7795032000000002,
            "min": 0.7795032000000002,
            "max": 0.7795032000000002,
            "count": 1
        },
        "Ballin.Policy.Beta.mean": {
            "value": 0.004744302420000001,
            "min": 0.004744302420000001,
            "max": 0.004744302420000001,
            "count": 1
        },
        "Ballin.Policy.Beta.sum": {
            "value": 0.018977209680000003,
            "min": 0.018977209680000003,
            "max": 0.018977209680000003,
            "count": 1
        },
        "Ballin.IsTraining.mean": {
            "value": 1.0,
            "min": 1.0,
            "max": 1.0,
            "count": 1
        },
        "Ballin.IsTraining.sum": {
            "value": 1.0,
            "min": 1.0,
            "max": 1.0,
            "count": 1
        }
    },
    "metadata": {
        "timer_format_version": "0.1.0",
        "start_time_seconds": "1713883652",
        "python_version": "3.9.13 (tags/v3.9.13:6de2ca5, May 17 2022, 16:36:42) [MSC v.1929 64 bit (AMD64)]",
        "command_line_arguments": "C:\\Users\\mrmar\\Everything\\Unity\\Projects\\RLPrototype1\\venv\\Scripts\\mlagents-learn --run-id=Ballin8",
        "mlagents_version": "0.30.0",
        "mlagents_envs_version": "0.30.0",
        "communication_protocol_version": "1.5.0",
        "pytorch_version": "1.13.1+cu117",
        "numpy_version": "1.21.2",
        "end_time_seconds": "1713884102"
    },
    "total": 449.2978013,
    "count": 1,
    "self": 0.009910800000000108,
    "children": {
        "run_training.setup": {
            "total": 0.022005199999999947,
            "count": 1,
            "self": 0.022005199999999947
        },
        "TrainerController.start_learning": {
            "total": 449.2658853,
            "count": 1,
            "self": 0.5161142000056884,
            "children": {
                "TrainerController._reset_env": {
                    "total": 13.8733524,
                    "count": 1,
                    "self": 13.8733524
                },
                "TrainerController.advance": {
                    "total": 434.7553075999943,
                    "count": 17814,
                    "self": 0.48659070000269367,
                    "children": {
                        "env_step": {
                            "total": 393.12494619999524,
                            "count": 17814,
                            "self": 352.48229520000336,
                            "children": {
                                "SubprocessEnvManager._take_step": {
                                    "total": 40.32609219999393,
                                    "count": 17815,
                                    "self": 1.412036299996707,
                                    "children": {
                                        "TorchPolicy.evaluate": {
                                            "total": 38.91405589999722,
                                            "count": 15458,
                                            "self": 38.91405589999722
                                        }
                                    }
                                },
                                "workers": {
                                    "total": 0.31655879999796177,
                                    "count": 17813,
                                    "self": 0.0,
                                    "children": {
                                        "worker_root": {
                                            "total": 313.4158164000012,
                                            "count": 17813,
                                            "is_parallel": true,
                                            "self": 109.64388900000165,
                                            "children": {
                                                "steps_from_proto": {
                                                    "total": 0.001678699999995814,
                                                    "count": 2,
                                                    "is_parallel": true,
                                                    "self": 0.0008385999999980243,