{
    "name": "root",
    "gauges": {
        "Ballin.Policy.Entropy.mean": {
            "value": 1.4204548597335815,
            "min": 1.4198132753372192,
            "max": 1.4204548597335815,
            "count": 2
        },
        "Ballin.Policy.Entropy.sum": {
            "value": 71053.9921875,
            "min": 71053.9921875,
            "max": 71158.203125,
            "count": 2
        },
        "Ballin.Environment.EpisodeLength.mean": {
            "value": 44.3894449499545,
            "min": 23.64134188455846,
            "max": 44.3894449499545,
            "count": 2
        },
        "Ballin.Environment.EpisodeLength.sum": {
            "value": 48784.0,
            "min": 47921.0,
            "max": 48784.0,
            "count": 2
        },
        "Ballin.Step.mean": {
            "value": 99994.0,
            "min": 49990.0,
            "max": 99994.0,
            "count": 2
        },
        "Ballin.Step.sum": {
            "value": 99994.0,
            "min": 49990.0,
            "max": 99994.0,
            "count": 2
        },
        "Ballin.Policy.ExtrinsicValueEstimate.mean": {
            "value": 17.536449432373047,
            "min": 10.828363418579102,
            "max": 17.536449432373047,
            "count": 2
        },
        "Ballin.Policy.ExtrinsicValueEstimate.sum": {
            "value": 23341.013671875,
            "min": 22284.771484375,
            "max": 23341.013671875,
            "count": 2
        },
        "Ballin.Environment.CumulativeReward.mean": {
            "value": 43.455103881853724,
            "min": 22.662733774488792,
            "max": 43.455103881853724,
            "count": 2
        },
        "Ballin.Environment.CumulativeReward.sum": {
            "value": 47757.159166157246,
            "min": 45914.698627114296,
            "max": 47757.159166157246,
            "count": 2
        },
        "Ballin.Policy.ExtrinsicReward.mean": {
            "value": 43.455103881853724,
            "min": 22.662733774488792,
            "max": 43.455103881853724,
            "count": 2
        },
        "Ballin.Policy.ExtrinsicReward.sum": {
            "value": 47757.159166157246,
            "min": 45914.698627114296,
            "max": 47757.159166157246,
            "count": 2
        },
        "Ballin.Losses.PolicyLoss.mean": {
            "value": 0.022756098052486778,
            "min": 0.022756098052486778,
            "max": 0.025604553079271376,
            "count": 2
        },
        "Ballin.Losses.PolicyLoss.sum": {
            "value": 0.11378049026243389,
            "min": 0.1024182123170855,
            "max": 0.11378049026243389,
            "count": 2
        },
        "Ballin.Losses.ValueLoss.mean": {
            "value": 56.73072392781576,
            "min": 56.73072392781576,
            "max": 119.05331737200419,
            "count": 2
        },
        "Ballin.Losses.ValueLoss.sum": {
            "value": 283.6536196390788,
            "min": 283.6536196390788,
            "max": 476.21326948801675,
            "count": 2
        },
        "Ballin.Policy.LearningRate.mean": {
            "value": 0.00025690909436364,
            "min": 0.00025690909436364,
            "max": 0.00028460955513015,
            "count": 2
        },
        "Ballin.Policy.LearningRate.sum": {
            "value": 0.0012845454718182,
            "min": 0.0011384382205206,
            "max": 0.0012845454718182,
            "count": 2
        },
        "Ballin.Policy.Epsilon.mean": {
            "value": 0.18563636000000003,
            "min": 0.18563636000000003,
            "max": 0.19486984999999998,
            "count": 2
        },
        "Ballin.Policy.Epsilon.sum": {
            "value": 0.9281818000000002,
            "min": 0.7794793999999999,
            "max": 0.9281818000000002,
            "count": 2
        },
        "Ballin.Policy.Beta.mean": {
            "value": 0.004283254364000001,
            "min": 0.004283254364000001,
            "max": 0.004744005515,
            "count": 2
        },
        "Ballin.Policy.Beta.sum": {
            "value": 0.021416271820000006,
            "min": 0.01897602206,
            "max": 0.021416271820000006,
            "count": 2
        },
        "Ballin.IsTraining.mean": {
            "value": 1.0,
            "min": 1.0,
            "max": 1.0,
            "count": 2
        },
        "Ballin.IsTraining.sum": {
            "value": 1.0,
            "min": 1.0,
            "max": 1.0,
            "count": 2
        }
    },
    "metadata": {
        "timer_format_version": "0.1.0",
        "start_time_seconds": "1713884119",
        "python_version": "3.9.13 (tags/v3.9.13:6de2ca5, May 17 2022, 16:36:42) [MSC v.1929 64 bit (AMD64)]",
        "command_line_arguments": "C:\\Users\\mrmar\\Everything\\Unity\\Projects\\RLPrototype1\\venv\\Scripts\\mlagents-learn --run-id=Ballin9",
        "mlagents_version": "0.30.0",
        "mlagents_envs_version": "0.30.0",
        "communication_protocol_version": "1.5.0",
        "pytorch_version": "1.13.1+cu117",
        "numpy_version": "1.21.2",
        "end_time_seconds": "1713884581"
    },
    "total": 461.9755451,
    "count": 1,
    "self": 0.03059769999998707,
    "children": {
        "run_training.setup": {
            "total": 0.025897700000000023,
            "count": 1,
            "self": 0.025897700000000023
        },
        "TrainerController.start_learning": {
            "total": 461.9190497,
            "count": 1,
            "self": 0.7652895000036892,
            "children": {
                "TrainerController._reset_env": {
                    "total": 6.4660063999999995,
                    "count": 1,
                    "self": 6.4660063999999995
                },
                "TrainerController.advance": {
                    "total": 454.4091423999963,
                    "count": 24325,
                    "self": 0.6851438999981951,
                    "children": {
                        "env_step": {
                            "total": 398.08638699999955,
                            "count": 24325,
                            "self": 337.96312420000083,
                            "children": {
                                "SubprocessEnvManager._take_step": {
                                    "total": 59.653504500001944,
                                    "count": 24325,
                                    "self": 1.9887874000030408,
                                    "children": {
                                        "TorchPolicy.evaluate": {
                                            "total": 57.6647170999989,
                                            "count": 21597,
                                            "self": 57.6647170999989
                                        }
                                    }
                                },
                                "workers": {
                                    "total": 0.46975829999679775,
                                    "count": 24324,
                                    "self": 0.0,
                                    "children": {
                                        "worker_root": {
                                            "total": 392.16932280000344,
                                            "count": 24324,
                                            "is_parallel": true,
                                            "self": 156.658829600002,
                                            "children": {
                                                "steps_from_proto": {
                                                    "total": 0.00031060000000060484,
                                                    "count": 1,
                                                    "is_parallel": true,
                                                    "self": 0.00014490000000133563,