{
    "name": "root",
    "metadata": {
        "timer_format_version": "0.1.0",
        "start_time_seconds": "1714385875",
        "python_version": "3.9.13 (tags/v3.9.13:6de2ca5, May 17 2022, 16:36:42) [MSC v.1929 64 bit (AMD64)]",
        "command_line_arguments": "C:\\Users\\mrmar\\Everything\\Unity\\Projects\\RLPrototype1\\venv\\Scripts\\mlagents-learn --run-id=Balling113",
        "mlagents_version": "0.30.0",
        "mlagents_envs_version": "0.30.0",
        "communication_protocol_version": "1.5.0",
        "pytorch_version": "1.13.1+cu117",
        "numpy_version": "1.21.2",
        "end_time_seconds": "1714385956"
    },
    "total": 81.0657316,
    "count": 1,
    "self": 0.00519260000000088,
    "children": {
        "run_training.setup": {
            "total": 0.023816100000000118,
            "count": 1,
            "self": 0.023816100000000118
        },
        "TrainerController.start_learning": {
            "total": 81.0367229,
            "count": 1,
            "self": 0.15315520000004312,
            "children": {
                "TrainerController._reset_env": {
                    "total": 11.185056000000001,
                    "count": 1,
                    "self": 11.185056000000001
                },
                "TrainerController.advance": {
                    "total": 69.61799929999995,
                    "count": 3965,
                    "self": 0.1429241000000161,
                    "children": {
                        "env_step": {
                            "total": 68.34199189999991,
                            "count": 3965,
                            "self": 61.07549949999921,
                            "children": {
                                "SubprocessEnvManager._take_step": {
                                    "total": 7.17312220000005,
                                    "count": 3965,
                                    "self": 0.5209297999994824,
                                    "children": {
                                        "TorchPolicy.evaluate": {
                                            "total": 6.652192400000567,
                                            "count": 3777,
                                            "self": 6.652192400000567
                                        }
                                    }
                                },
                                "workers": {
                                    "total": 0.09337020000065444,
                                    "count": 3964,
                                    "self": 0.0,
                                    "children": {
                                        "worker_root": {
                                            "total": 55.95074880000008,
                                            "count": 3964,
                                            "is_parallel": true,
                                            "self": 15.982848499999932,
                                            "children": {
                                                "steps_from_proto": {
                                                    "total": 0.0003820000000001045,
                                                    "count": 1,
                                                    "is_parallel": true,
                                                    "self": 0.000143200000000121,
                                                    "children": {
                                                        "_process_rank_one_or_two_observation": {
                                                            "total": 0.00023879999999998347,
                                                            "count": 2,
                                                            "is_parallel": true,
                                                            "self": 0.00023879999999998347
                                                        }
                                                    }
                                                },
                                                "UnityEnvironment.step": {
                                                    "total": 39.967518300000144,
                                                    "count": 3964,
                                                    "is_parallel": true,
                                                    "self": 0.48333449999965694,
                                                    "children": {
                                                        "UnityEnvironment._generate_step_input": {
                                                            "total": 0.5393869000001335,
                                                            "count": 3964,
                                                            "is_parallel": true,
                                                            "self": 0.5393869000001335
                                                        },
                                                        "communicator.exchange": {
                                                            "total": 37.774962500000264,
                                                            "count": 3964,
                                                            "is_parallel": true,
                                                            "self": 37.774962500000264
                                                        },
                                                        "steps_from_proto": {
                                                            "total": 1.1698344000000898,
                                                            "count": 3964,
                                                            "is_parallel": true,
                                                            "self": 0.5367506999999296,
                                                            "children": {
                                                                "_process_rank_one_or_two_observation": {
                                                                    "total": 0.6330837000001601,
                                                                    "count": 7928,
                                                                    "is_parallel": true,
                                                                    "self": 0.6330837000001601
                                                                }
                                                            }
                                                        }
                                                    }
                                                }
                                            }
                                        }
                                    }
                                }
                            }
                        },
                        "trainer_advance": {
                            "total": 1.1330833000000275,
                            "count": 3964,
                            "self": 0.17300540000035447,
                            "children": {
                                "process_trajectory": {
                                    "total": 0.9600778999996731,
                                    "count": 3964,
                                    "self": 0.9600778999996731
                                }
                            }
                        }
                    }
                },
                "trainer_threads": {
                    "total": 8.000000093488779e-07,
                    "count": 1,
                    "self": 8.000000093488779e-07
                },
                "TrainerController._save_models": {
                    "total": 0.08051159999999413,
                    "count": 1,
                    "self": 0.010857399999991912,