{
    "name": "root",
    "gauges": {
        "Ballin.Policy.Entropy.mean": {
            "value": 1.4200851917266846,
            "min": 1.4200851917266846,
            "max": 1.4228748083114624,
            "count": 4
        },
        "Ballin.Policy.Entropy.sum": {
            "value": 70992.8984375,
            "min": 70992.8984375,
            "max": 71124.9921875,
            "count": 4
        },
        "Ballin.Environment.EpisodeLength.mean": {
            "value": 30.34294670846395,
            "min": 30.03664596273292,
            "max": 30.506926952141058,
            "count": 4
        },
        "Ballin.Environment.EpisodeLength.sum": {
            "value": 48397.0,
            "min": 48359.0,
            "max": 48445.0,
            "count": 4
        },
        "Ballin.Step.mean": {
            "value": 199991.0,
            "min": 49979.0,
            "max": 199991.0,
            "count": 4
        },
        "Ballin.Step.sum": {
            "value": 199991.0,
            "min": 49979.0,
            "max": 199991.0,
            "count": 4
        },
        "Ballin.Policy.ExtrinsicValueEstimate.mean": {
            "value": -0.8250484466552734,
            "min": -0.8252233266830444,
            "max": -0.3890570104122162,
            "count": 4
        },
        "Ballin.Policy.ExtrinsicValueEstimate.sum": {
            "value": -1343.1788330078125,
            "min": -1350.890625,
            "max": -629.4942626953125,
            "count": 4
        },
        "Ballin.Environment.CumulativeReward.mean": {
            "value": -0.9993730407523511,
            "min": -1.0,
            "max": -0.9993698802772527,
            "count": 4
        },
        "Ballin.Environment.CumulativeReward.sum": {
            "value": -1594.0,
            "min": -1609.0,
            "max": -1586.0,
            "count": 4
        },
        "Ballin.Policy.ExtrinsicReward.mean": {
            "value": -0.9993730407523511,
            "min": -1.0,
            "max": -0.9993698802772527,
            "count": 4
        },
        "Ballin.Policy.ExtrinsicReward.sum": {
            "value": -1594.0,
            "min": -1609.0,
            "max": -1586.0,
            "count": 4
        },
        "Ballin.Losses.PolicyLoss.mean": {
            "value": 0.02626690598825614,
            "min": 0.02345204139050717,
            "max": 0.02626690598825614,
            "count": 4
        },
        "Ballin.Losses.PolicyLoss.sum": {
            "value": 0.1313345299412807,
            "min": 0.0961068746012946,
            "max": 0.1313345299412807,
            "count": 4
        },
        "Ballin.Losses.ValueLoss.mean": {
            "value": 0.006885319901630283,
            "min": 0.006885319901630283,
            "max": 0.09835746618919075,
            "count": 4
        },
        "Ballin.Losses.ValueLoss.sum": {
            "value": 0.03442659950815141,
            "min": 0.03442659950815141,
            "max": 0.393429864756763,
            "count": 4
        },
        "Ballin.Policy.LearningRate.mean": {
            "value": 0.00019537695487435998,
            "min": 0.00019537695487435998,
            "max": 0.00028463175512275,
            "count": 4
        },
        "Ballin.Policy.LearningRate.sum": {
            "value": 0.0009768847743717999,
            "min": 0.0009768847743717999,
            "max": 0.0012846192717935996,
            "count": 4
        },
        "Ballin.Policy.Epsilon.mean": {
            "value": 0.16512564000000002,
            "min": 0.16512564000000002,
            "max": 0.19487725,
            "count": 4
        },
        "Ballin.Policy.Epsilon.sum": {
            "value": 0.8256282000000001,
            "min": 0.779509,
            "max": 0.9282064000000001,
            "count": 4
        },
        "Ballin.Policy.Beta.mean": {
            "value": 0.0032597694360000005,
            "min": 0.0032597694360000005,
            "max": 0.004744374775000001,
            "count": 4
        },
        "Ballin.Policy.Beta.sum": {
            "value": 0.016298847180000003,
            "min": 0.016298847180000003,
            "max": 0.02141749936,
            "count": 4
        },
        "Ballin.IsTraining.mean": {
            "value": 1.0,
            "min": 1.0,
            "max": 1.0,
            "count": 4
        },
        "Ballin.IsTraining.sum": {
            "value": 1.0,
            "min": 1.0,
            "max": 1.0,
            "count": 4
        }
    },
    "metadata": {
        "timer_format_version": "0.1.0",
        "start_time_seconds": "1714133885",
        "python_version": "3.9.13 (tags/v3.9.13:6de2ca5, May 17 2022, 16:36:42) [MSC v.1929 64 bit (AMD64)]",
        "command_line_arguments": "C:\\Users\\mrmar\\Everything\\Unity\\Projects\\RLPrototype1\\venv\\Scripts\\mlagents-learn --run-id=Balling110",
        "mlagents_version": "0.30.0",
        "mlagents_envs_version": "0.30.0",
        "communication_protocol_version": "1.5.0",
        "pytorch_version": "1.13.1+cu117",
        "numpy_version": "1.21.2",
        "end_time_seconds": "1714137186"
    },
    "total": 3301.312267,
    "count": 1,
    "self": 0.011660499999834428,
    "children": {
        "run_training.setup": {
            "total": 0.10531649999999981,
            "count": 1,
            "self": 0.10531649999999981
        },
        "TrainerController.start_learning": {
            "total": 3301.19529,
            "count": 1,
            "self": 10.153752899928804,
            "children": {
                "TrainerController._reset_env": {
                    "total": 10.2411942,
                    "count": 1,
                    "self": 10.2411942
                },
                "TrainerController.advance": {
                    "total": 3280.5060959000716,
                    "count": 227355,
                    "self": 10.193376400030502,
                    "children": {
                        "env_step": {
                            "total": 3102.153693000033,
                            "count": 227355,
                            "self": 2268.931324700003,
                            "children": {
                                "SubprocessEnvManager._take_step": {
                                    "total": 826.7154585999963,
                                    "count": 227355,
                                    "self": 31.08750579998525,
                                    "children": {
                                        "TorchPolicy.evaluate": {
                                            "total": 795.627952800011,
                                            "count": 221674,
                                            "self": 795.627952800011
                                        }
                                    }
                                },
                                "workers": {
                                    "total": 6.506909700033422,
                                    "count": 227354,
                                    "self": 0.0,
                                    "children": {
                                        "worker_root": {
                                            "total": 3209.2730885000483,
                                            "count": 227354,
                                            "is_parallel": true,
                                            "self": 1511.2672266000116,
                                            "children": {
                                                "steps_from_proto": {
                                                    "total": 0.000959700000001007,
                                                    "count": 1,
                                                    "is_parallel": true,
                                                    "self": 0.0005345000000023248,