{
    "name": "root",
    "gauges": {
        "Ballin.Policy.Entropy.mean": {
            "value": 1.4168838262557983,
            "min": 1.4164929389953613,
            "max": 1.4168838262557983,
            "count": 3
        },
        "Ballin.Policy.Entropy.sum": {
            "value": 70872.53125,
            "min": 70797.4453125,
            "max": 70937.96875,
            "count": 3
        },
        "Ballin.Environment.EpisodeLength.mean": {
            "value": 27.16328828828829,
            "min": 19.29452332657201,
            "max": 27.16328828828829,
            "count": 3
        },
        "Ballin.Environment.EpisodeLength.sum": {
            "value": 48242.0,
            "min": 47561.0,
            "max": 48242.0,
            "count": 3
        },
        "Ballin.Step.mean": {
            "value": 149998.0,
            "min": 49986.0,
            "max": 149998.0,
            "count": 3
        },
        "Ballin.Step.sum": {
            "value": 149998.0,
            "min": 49986.0,
            "max": 149998.0,
            "count": 3
        },
        "Ballin.Policy.ExtrinsicValueEstimate.mean": {
            "value": -0.8710232973098755,
            "min": -0.8710232973098755,
            "max": -0.5466946363449097,
            "count": 3
        },
        "Ballin.Policy.ExtrinsicValueEstimate.sum": {
            "value": -1560.002685546875,
            "min": -1812.800048828125,
            "max": -1351.42919921875,
            "count": 3
        },
        "Ballin.Environment.CumulativeReward.mean": {
            "value": -0.9781566389588857,
            "min": -0.978394898478648,
            "max": -0.9600633147729004,
            "count": 3
        },
        "Ballin.Environment.CumulativeReward.sum": {
            "value": -1737.206190790981,
            "min": -2365.5960076004267,
            "max": -1737.206190790981,
            "count": 3
        },
        "Ballin.Policy.ExtrinsicReward.mean": {
            "value": -0.9781566389588857,
            "min": -0.978394898478648,
            "max": -0.9600633147729004,
            "count": 3
        },
        "Ballin.Policy.ExtrinsicReward.sum": {
            "value": -1737.206190790981,
            "min": -2365.5960076004267,
            "max": -1737.206190790981,
            "count": 3
        },
        "Ballin.Losses.PolicyLoss.mean": {
            "value": 0.02339993552265999,
            "min": 0.02339993552265999,
            "max": 0.02737229459089576,
            "count": 3
        },
        "Ballin.Losses.PolicyLoss.sum": {
            "value": 0.11699967761329995,
            "min": 0.10948917836358305,
            "max": 0.1246253617069063,
            "count": 3
        },
        "Ballin.Losses.ValueLoss.mean": {
            "value": 0.08646294464667638,
            "min": 0.08646294464667638,
            "max": 0.8758422618110975,
            "count": 3
        },
        "Ballin.Losses.ValueLoss.sum": {
            "value": 0.4323147232333819,
            "min": 0.4323147232333819,
            "max": 3.50336904724439,
            "count": 3
        },
        "Ballin.Policy.LearningRate.mean": {
            "value": 0.00022618958460348003,
            "min": 0.00022618958460348003,
            "max": 0.00028463415512195,
            "count": 3
        },
        "Ballin.Policy.LearningRate.sum": {
            "value": 0.0011309479230174001,
            "min": 0.0011309479230174001,
            "max": 0.0012848022717325998,
            "count": 3
        },
        "Ballin.Policy.Epsilon.mean": {
            "value": 0.17539652,
            "min": 0.17539652,
            "max": 0.19487805000000002,
            "count": 3
        },
        "Ballin.Policy.Epsilon.sum": {
            "value": 0.8769826,
            "min": 0.7795122000000001,
            "max": 0.9282674,
            "count": 3
        },
        "Ballin.Policy.Beta.mean": {
            "value": 0.003772286348000001,
            "min": 0.003772286348000001,
            "max": 0.004744414694999999,
            "count": 3
        },
        "Ballin.Policy.Beta.sum": {
            "value": 0.018861431740000004,
            "min": 0.018861431740000004,
            "max": 0.021420543259999997,
            "count": 3
        },
        "Ballin.IsTraining.mean": {
            "value": 1.0,
            "min": 1.0,
            "max": 1.0,
            "count": 3
        },
        "Ballin.IsTraining.sum": {
            "value": 1.0,
            "min": 1.0,
            "max": 1.0,
            "count": 3
        }
    },
    "metadata": {
        "timer_format_version": "0.1.0",
        "start_time_seconds": "1714130721",
        "python_version": "3.9.13 (tags/v3.9.13:6de2ca5, May 17 2022, 16:36:42) [MSC v.1929 64 bit (AMD64)]",
        "command_line_arguments": "C:\\Users\\mrmar\\Everything\\Unity\\Projects\\RLPrototype1\\venv\\Scripts\\mlagents-learn --initialize-from=Ballin103 --run-id=Ballin104",
        "mlagents_version": "0.30.0",
        "mlagents_envs_version": "0.30.0",
        "communication_protocol_version": "1.5.0",
        "pytorch_version": "1.13.1+cu117",
        "numpy_version": "1.21.2",
        "end_time_seconds": "1714131527"
    },
    "total": 806.4171213999999,
    "count": 1,
    "self": 0.011943599999881371,
    "children": {
        "run_training.setup": {
            "total": 0.245533,
            "count": 1,
            "self": 0.245533
        },
        "TrainerController.start_learning": {
            "total": 806.1596448,
            "count": 1,
            "self": 1.6050728999969124,
            "children": {
                "TrainerController._reset_env": {
                    "total": 18.461021199999998,
                    "count": 1,
                    "self": 18.461021199999998
                },
                "TrainerController.advance": {
                    "total": 785.803548100003,
                    "count": 40733,
                    "self": 1.4534649000178206,
                    "children": {
                        "env_step": {
                            "total": 687.192259299989,
                            "count": 40733,
                            "self": 574.2799985999715,
                            "children": {
                                "SubprocessEnvManager._take_step": {
                                    "total": 111.94823380001233,
                                    "count": 40733,
                                    "self": 4.165273800012216,
                                    "children": {
                                        "TorchPolicy.evaluate": {
                                            "total": 107.78296000000012,
                                            "count": 35037,
                                            "self": 107.78296000000012
                                        }
                                    }
                                },
                                "workers": {
                                    "total": 0.9640269000052086,
                                    "count": 40732,
                                    "self": 0.0,
                                    "children": {
                                        "worker_root": {
                                            "total": 721.0645228999952,
                                            "count": 40732,
                                            "is_parallel": true,
                                            "self": 291.11625279999333,
                                            "children": {
                                                "steps_from_proto": {
                                                    "total": 0.0012477000000004068,
                                                    "count": 1,
                                                    "is_parallel": true,
                                                    "self": 0.0006139000000011663,