{
    "name": "root",
    "metadata": {
        "timer_format_version": "0.1.0",
        "start_time_seconds": "1714133266",
        "python_version": "3.9.13 (tags/v3.9.13:6de2ca5, May 17 2022, 16:36:42) [MSC v.1929 64 bit (AMD64)]",
        "command_line_arguments": "C:\\Users\\mrmar\\Everything\\Unity\\Projects\\RLPrototype1\\venv\\Scripts\\mlagents-learn --run-id=Ballin=105",
        "mlagents_version": "0.30.0",
        "mlagents_envs_version": "0.30.0",
        "communication_protocol_version": "1.5.0",
        "pytorch_version": "1.13.1+cu117",
        "numpy_version": "1.21.2",
        "end_time_seconds": "1714133539"
    },
    "total": 272.773991,
    "count": 1,
    "self": 0.03728030000002036,
    "children": {
        "run_training.setup": {
            "total": 0.08331679999999997,
            "count": 1,
            "self": 0.08331679999999997
        },
        "TrainerController.start_learning": {
            "total": 272.6533939,
            "count": 1,
            "self": 0.4474587000001975,
            "children": {
                "TrainerController._reset_env": {
                    "total": 22.1643258,
                    "count": 1,
                    "self": 22.1643258
                },
                "TrainerController.advance": {
                    "total": 249.33452209999982,
                    "count": 8885,
                    "self": 0.4053566000008857,
                    "children": {
                        "env_step": {
                            "total": 223.6398955999998,
                            "count": 8885,
                            "self": 191.0629318000004,
                            "children": {
                                "SubprocessEnvManager._take_step": {
                                    "total": 32.32245189999852,
                                    "count": 8885,
                                    "self": 1.1690976999993694,
                                    "children": {
                                        "TorchPolicy.evaluate": {
                                            "total": 31.15335419999915,
                                            "count": 7921,
                                            "self": 31.15335419999915
                                        }
                                    }
                                },
                                "workers": {
                                    "total": 0.2545119000008569,
                                    "count": 8884,
                                    "self": 0.0,
                                    "children": {
                                        "worker_root": {
                                            "total": 185.4872489999993,
                                            "count": 8884,
                                            "is_parallel": true,
                                            "self": 80.06218069999916,
                                            "children": {
                                                "steps_from_proto": {
                                                    "total": 0.0010633000000019877,
                                                    "count": 1,
                                                    "is_parallel": true,
                                                    "self": 0.0004383000000025561,
                                                    "children": {
                                                        "_process_rank_one_or_two_observation": {
                                                            "total": 0.0006249999999994316,
                                                            "count": 2,
                                                            "is_parallel": true,
                                                            "self": 0.0006249999999994316
                                                        }
                                                    }
                                                },
                                                "UnityEnvironment.step": {
                                                    "total": 105.42400500000015,
                                                    "count": 8884,
                                                    "is_parallel": true,
                                                    "self": 2.030948299997476,
                                                    "children": {
                                                        "UnityEnvironment._generate_step_input": {
                                                            "total": 2.371759600001152,
                                                            "count": 8884,
                                                            "is_parallel": true,
                                                            "self": 2.371759600001152
                                                        },
                                                        "communicator.exchange": {
                                                            "total": 95.04825330000094,
                                                            "count": 8884,
                                                            "is_parallel": true,
                                                            "self": 95.04825330000094
                                                        },
                                                        "steps_from_proto": {
                                                            "total": 5.973043800000585,
                                                            "count": 8884,
                                                            "is_parallel": true,
                                                            "self": 3.3059903000002,
                                                            "children": {
                                                                "_process_rank_one_or_two_observation": {
                                                                    "total": 2.667053500000385,
                                                                    "count": 17768,
                                                                    "is_parallel": true,
                                                                    "self": 2.667053500000385
                                                                }
                                                            }
                                                        }
                                                    }
                                                }
                                            }
                                        }
                                    }
                                }
                            }
                        },
                        "trainer_advance": {
                            "total": 25.289269899999137,
                            "count": 8884,
                            "self": 0.5291587999996992,
                            "children": {
                                "process_trajectory": {
                                    "total": 7.11132689999943,
                                    "count": 8884,
                                    "self": 7.11132689999943
                                },
                                "_update_policy": {
                                    "total": 17.64878420000001,
                                    "count": 3,
                                    "self": 7.934650000000104,
                                    "children": {
                                        "TorchPPOOptimizer.update": {
                                            "total": 9.714134199999904,
                                            "count": 90,