{
    "name": "root",
    "metadata": {
        "timer_format_version": "0.1.0",
        "start_time_seconds": "1712147809",
        "python_version": "3.9.13 (tags/v3.9.13:6de2ca5, May 17 2022, 16:36:42) [MSC v.1929 64 bit (AMD64)]",
        "command_line_arguments": "C:\\Users\\mrmar\\Everything\\Unity\\Projects\\RLPrototype1\\venv\\Scripts\\mlagents-learn --run-id=Platformer5",
        "mlagents_version": "0.30.0",
        "mlagents_envs_version": "0.30.0",
        "communication_protocol_version": "1.5.0",
        "pytorch_version": "1.13.1+cu117",
        "numpy_version": "1.21.2",
        "end_time_seconds": "1712147923"
    },
    "total": 114.39878560000001,
    "count": 1,
    "self": 0.005148700000006556,
    "children": {
        "run_training.setup": {
            "total": 0.022132599999999947,
            "count": 1,
            "self": 0.022132599999999947
        },
        "TrainerController.start_learning": {
            "total": 114.3715043,
            "count": 1,
            "self": 0.13757540000005974,
            "children": {
                "TrainerController._reset_env": {
                    "total": 6.940705900000001,
                    "count": 1,
                    "self": 6.940705900000001
                },
                "TrainerController.advance": {
                    "total": 107.16911799999994,
                    "count": 2882,
                    "self": 0.13322859999981063,
                    "children": {
                        "env_step": {
                            "total": 106.01260970000007,
                            "count": 2882,
                            "self": 92.78085889999983,
                            "children": {
                                "SubprocessEnvManager._take_step": {
                                    "total": 13.149260900000154,
                                    "count": 2882,
                                    "self": 0.40215770000017415,
                                    "children": {
                                        "TorchPolicy.evaluate": {
                                            "total": 12.74710319999998,
                                            "count": 2737,
                                            "self": 12.74710319999998
                                        }
                                    }
                                },
                                "workers": {
                                    "total": 0.08248990000008583,
                                    "count": 2881,
                                    "self": 0.0,
                                    "children": {
                                        "worker_root": {
                                            "total": 45.145448499999986,
                                            "count": 2881,
                                            "is_parallel": true,
                                            "self": 21.086727700000186,
                                            "children": {
                                                "steps_from_proto": {
                                                    "total": 0.0003258999999999901,
                                                    "count": 1,
                                                    "is_parallel": true,
                                                    "self": 0.00015870000000006712,
                                                    "children": {
                                                        "_process_rank_one_or_two_observation": {
                                                            "total": 0.00016719999999992297,
                                                            "count": 2,
                                                            "is_parallel": true,
                                                            "self": 0.00016719999999992297
                                                        }
                                                    }
                                                },
                                                "UnityEnvironment.step": {
                                                    "total": 24.0583948999998,
                                                    "count": 2881,
                                                    "is_parallel": true,
                                                    "self": 0.41987569999970376,
                                                    "children": {
                                                        "UnityEnvironment._generate_step_input": {
                                                            "total": 0.48947690000006716,
                                                            "count": 2881,
                                                            "is_parallel": true,
                                                            "self": 0.48947690000006716
                                                        },
                                                        "communicator.exchange": {
                                                            "total": 21.825258600000073,
                                                            "count": 2881,
                                                            "is_parallel": true,
                                                            "self": 21.825258600000073
                                                        },
                                                        "steps_from_proto": {
                                                            "total": 1.3237836999999564,
                                                            "count": 2881,
                                                            "is_parallel": true,
                                                            "self": 0.8070822000001092,
                                                            "children": {
                                                                "_process_rank_one_or_two_observation": {
                                                                    "total": 0.5167014999998472,
                                                                    "count": 5762,
                                                                    "is_parallel": true,
                                                                    "self": 0.5167014999998472
                                                                }
                                                            }
                                                        }
                                                    }
                                                }
                                            }
                                        }
                                    }
                                }
                            }
                        },
                        "trainer_advance": {
                            "total": 1.0232797000000566,
                            "count": 2881,
                            "self": 0.15598070000005748,
                            "children": {
                                "process_trajectory": {
                                    "total": 0.8672989999999992,
                                    "count": 2881,
                                    "self": 0.8672989999999992
                                }
                            }
                        }
                    }
                },
                "TrainerController._save_models": {
                    "total": 0.12410500000000013,
                    "count": 1,
                    "self": 0.010175199999991946,
                    "children": {
                        "RLTrainer._checkpoint": {
                            "total": 0.11392980000000819,
                            "count": 1,