{
    "name": "root",
    "gauges": {
        "MoveToGoal.Policy.Entropy.mean": {
            "value": 1.4184602499008179,
            "min": 1.4184602499008179,
            "max": 1.4184602499008179,
            "count": 1
        },
        "MoveToGoal.Policy.Entropy.sum": {
            "value": 71467.703125,
            "min": 71467.703125,
            "max": 71467.703125,
            "count": 1
        },
        "MoveToGoal.Environment.EpisodeLength.mean": {
            "value": 66.82122093023256,
            "min": 66.82122093023256,
            "max": 66.82122093023256,
            "count": 1
        },
        "MoveToGoal.Environment.EpisodeLength.sum": {
            "value": 45973.0,
            "min": 45973.0,
            "max": 45973.0,
            "count": 1
        },
        "MoveToGoal.Step.mean": {
            "value": 49989.0,
            "min": 49989.0,
            "max": 49989.0,
            "count": 1
        },
        "MoveToGoal.Step.sum": {
            "value": 49989.0,
            "min": 49989.0,
            "max": 49989.0,
            "count": 1
        },
        "MoveToGoal.Policy.ExtrinsicValueEstimate.mean": {
            "value": 0.532599687576294,
            "min": 0.532599687576294,
            "max": 0.532599687576294,
            "count": 1
        },
        "MoveToGoal.Policy.ExtrinsicValueEstimate.sum": {
            "value": 627.93505859375,
            "min": 627.93505859375,
            "max": 627.93505859375,
            "count": 1
        },
        "MoveToGoal.Environment.CumulativeReward.mean": {
            "value": -0.3168604651162791,
            "min": -0.3168604651162791,
            "max": -0.3168604651162791,
            "count": 1
        },
        "MoveToGoal.Environment.CumulativeReward.sum": {
            "value": -218.0,
            "min": -218.0,
            "max": -218.0,
            "count": 1
        },
        "MoveToGoal.Policy.ExtrinsicReward.mean": {
            "value": -0.3168604651162791,
            "min": -0.3168604651162791,
            "max": -0.3168604651162791,
            "count": 1
        },
        "MoveToGoal.Policy.ExtrinsicReward.sum": {
            "value": -218.0,
            "min": -218.0,
            "max": -218.0,
            "count": 1
        },
        "MoveToGoal.Losses.PolicyLoss.mean": {
            "value": 0.027341232522546003,
            "min": 0.027341232522546003,
            "max": 0.027341232522546003,
            "count": 1
        },
        "MoveToGoal.Losses.PolicyLoss.sum": {
            "value": 0.10936493009018401,
            "min": 0.10936493009018401,
            "max": 0.10936493009018401,
            "count": 1
        },
        "MoveToGoal.Losses.ValueLoss.mean": {
            "value": 0.18786144635329644,
            "min": 0.18786144635329644,
            "max": 0.18786144635329644,
            "count": 1
        },
        "MoveToGoal.Losses.ValueLoss.sum": {
            "value": 0.7514457854131857,
            "min": 0.7514457854131857,
            "max": 0.7514457854131857,
            "count": 1
        },
        "MoveToGoal.Policy.LearningRate.mean": {
            "value": 0.00028459155513615005,
            "min": 0.00028459155513615005,
            "max": 0.00028459155513615005,
            "count": 1
        },
        "MoveToGoal.Policy.LearningRate.sum": {
            "value": 0.0011383662205446002,
            "min": 0.0011383662205446002,
            "max": 0.0011383662205446002,
            "count": 1
        },
        "MoveToGoal.Policy.Epsilon.mean": {
            "value": 0.19486385000000003,
            "min": 0.19486385000000003,
            "max": 0.19486385000000003,
            "count": 1
        },
        "MoveToGoal.Policy.Epsilon.sum": {
            "value": 0.7794554000000001,
            "min": 0.7794554000000001,
            "max": 0.7794554000000001,
            "count": 1
        },
        "MoveToGoal.Policy.Beta.mean": {
            "value": 0.004743706115,
            "min": 0.004743706115,
            "max": 0.004743706115,
            "count": 1
        },
        "MoveToGoal.Policy.Beta.sum": {
            "value": 0.01897482446,
            "min": 0.01897482446,
            "max": 0.01897482446,
            "count": 1
        },
        "MoveToGoal.IsTraining.mean": {
            "value": 1.0,
            "min": 1.0,
            "max": 1.0,
            "count": 1
        },
        "MoveToGoal.IsTraining.sum": {
            "value": 1.0,
            "min": 1.0,
            "max": 1.0,
            "count": 1
        }
    },
    "metadata": {
        "timer_format_version": "0.1.0",
        "start_time_seconds": "1712151118",
        "python_version": "3.9.13 (tags/v3.9.13:6de2ca5, May 17 2022, 16:36:42) [MSC v.1929 64 bit (AMD64)]",
        "command_line_arguments": "c:\\Users\\mrmar\\Everything\\Unity\\Projects\\RLPrototype1\\venv\\Scripts\\mlagents-learn --run-id=anotherTeset",
        "mlagents_version": "0.30.0",
        "mlagents_envs_version": "0.30.0",
        "communication_protocol_version": "1.5.0",
        "pytorch_version": "1.13.1+cu117",
        "numpy_version": "1.21.2",
        "end_time_seconds": "1712151280"
    },
    "total": 162.32261350000002,
    "count": 1,
    "self": 0.006254299999994828,
    "children": {
        "run_training.setup": {
            "total": 0.021915499999999977,
            "count": 1,
            "self": 0.021915499999999977
        },
        "TrainerController.start_learning": {
            "total": 162.29444370000002,
            "count": 1,
            "self": 0.08313889999996604,
            "children": {
                "TrainerController._reset_env": {
                    "total": 9.7088869,
                    "count": 1,
                    "self": 9.7088869
                },
                "TrainerController.advance": {
                    "total": 152.42878740000006,
                    "count": 3865,
                    "self": 0.08283610000009389,
                    "children": {
                        "env_step": {
                            "total": 142.34790220000002,
                            "count": 3865,
                            "self": 139.23916329999983,
                            "children": {
                                "SubprocessEnvManager._take_step": {
                                    "total": 3.0593602999997884,
                                    "count": 3865,
                                    "self": 0.23934689999992997,
                                    "children": {
                                        "TorchPolicy.evaluate": {
                                            "total": 2.8200133999998584,
                                            "count": 3351,
                                            "self": 2.8200133999998584
                                        }
                                    }
                                },
                                "workers": {
                                    "total": 0.0493786000004075,
                                    "count": 3864,
                                    "self": 0.0,
                                    "children": {
                                        "worker_root": {
                                            "total": 90.0772466,
                                            "count": 3864,
                                            "is_parallel": true,
                                            "self": 17.977065699999883,
                                            "children": {
                                                "steps_from_proto": {
                                                    "total": 0.0004980000000003315,
                                                    "count": 1,
                                                    "is_parallel": true,
                                                    "self": 0.00012090000000064549,