{
    "name": "root",
    "gauges": {
        "Ballin.Policy.Entropy.mean": {
            "value": 1.4219703674316406,
            "min": 1.4182809591293335,
            "max": 1.4219703674316406,
            "count": 2
        },
        "Ballin.Policy.Entropy.sum": {
            "value": 71129.8046875,
            "min": 70970.78125,
            "max": 71129.8046875,
            "count": 2
        },
        "Ballin.Environment.EpisodeLength.mean": {
            "value": 17.26854219948849,
            "min": 17.26854219948849,
            "max": 17.45239852398524,
            "count": 2
        },
        "Ballin.Environment.EpisodeLength.sum": {
            "value": 47264.0,
            "min": 47264.0,
            "max": 47296.0,
            "count": 2
        },
        "Ballin.Step.mean": {
            "value": 99991.0,
            "min": 49978.0,
            "max": 99991.0,
            "count": 2
        },
        "Ballin.Step.sum": {
            "value": 99991.0,
            "min": 49978.0,
            "max": 99991.0,
            "count": 2
        },
        "Ballin.Policy.ExtrinsicValueEstimate.mean": {
            "value": -0.9098987579345703,
            "min": -3.837796926498413,
            "max": -0.9098987579345703,
            "count": 2
        },
        "Ballin.Policy.ExtrinsicValueEstimate.sum": {
            "value": -2490.392822265625,
            "min": -10400.4296875,
            "max": -2490.392822265625,
            "count": 2
        },
        "Ballin.Environment.CumulativeReward.mean": {
            "value": -0.9886044966595252,
            "min": -0.9886044966595252,
            "max": -0.982378917202029,
            "count": 2
        },
        "Ballin.Environment.CumulativeReward.sum": {
            "value": -2705.8105073571205,
            "min": -2705.8105073571205,
            "max": -2661.2644867002964,
            "count": 2
        },
        "Ballin.Policy.ExtrinsicReward.mean": {
            "value": -0.9886044966595252,
            "min": -0.9886044966595252,
            "max": -0.982378917202029,
            "count": 2
        },
        "Ballin.Policy.ExtrinsicReward.sum": {
            "value": -2705.8105073571205,
            "min": -2705.8105073571205,
            "max": -2661.2644867002964,
            "count": 2
        },
        "Ballin.Losses.PolicyLoss.mean": {
            "value": 0.022379071218892932,
            "min": 0.022379071218892932,
            "max": 0.024436932423850522,
            "count": 2
        },
        "Ballin.Losses.PolicyLoss.sum": {
            "value": 0.11189535609446466,
            "min": 0.09774772969540209,
            "max": 0.11189535609446466,
            "count": 2
        },
        "Ballin.Losses.ValueLoss.mean": {
            "value": 1.0939711610476175,
            "min": 1.0939711610476175,
            "max": 8.423079639673233,
            "count": 2
        },
        "Ballin.Losses.ValueLoss.sum": {
            "value": 5.469855805238088,
            "min": 5.469855805238088,
            "max": 33.69231855869293,
            "count": 2
        },
        "Ballin.Policy.LearningRate.mean": {
            "value": 0.00025695817434728,
            "min": 0.00025695817434728,
            "max": 0.00028463205512265,
            "count": 2
        },
        "Ballin.Policy.LearningRate.sum": {
            "value": 0.0012847908717364,
            "min": 0.0011385282204906,
            "max": 0.0012847908717364,
            "count": 2
        },
        "Ballin.Policy.Epsilon.mean": {
            "value": 0.18565272000000002,
            "min": 0.18565272000000002,
            "max": 0.19487735,
            "count": 2
        },
        "Ballin.Policy.Epsilon.sum": {
            "value": 0.9282636000000001,
            "min": 0.7795094,
            "max": 0.9282636000000001,
            "count": 2
        },
        "Ballin.Policy.Beta.mean": {
            "value": 0.004284070728,
            "min": 0.004284070728,
            "max": 0.004744379765,
            "count": 2
        },
        "Ballin.Policy.Beta.sum": {
            "value": 0.02142035364,
            "min": 0.01897751906,
            "max": 0.02142035364,
            "count": 2
        },
        "Ballin.IsTraining.mean": {
            "value": 1.0,
            "min": 1.0,
            "max": 1.0,
            "count": 2
        },
        "Ballin.IsTraining.sum": {
            "value": 1.0,
            "min": 1.0,
            "max": 1.0,
            "count": 2
        }
    },
    "metadata": {
        "timer_format_version": "0.1.0",
        "start_time_seconds": "1714066774",
        "python_version": "3.9.13 (tags/v3.9.13:6de2ca5, May 17 2022, 16:36:42) [MSC v.1929 64 bit (AMD64)]",
        "command_line_arguments": "C:\\Users\\mrmar\\Everything\\Unity\\Projects\\RLPrototype1\\venv\\Scripts\\mlagents-learn --run-id=Ballin101",
        "mlagents_version": "0.30.0",
        "mlagents_envs_version": "0.30.0",
        "communication_protocol_version": "1.5.0",
        "pytorch_version": "1.13.1+cu117",
        "numpy_version": "1.21.2",
        "end_time_seconds": "1714067480"
    },
    "total": 705.8624085,
    "count": 1,
    "self": 0.011476700000002893,
    "children": {
        "run_training.setup": {
            "total": 0.04347530000000033,
            "count": 1,
            "self": 0.04347530000000033
        },
        "TrainerController.start_learning": {
            "total": 705.8074565000001,
            "count": 1,
            "self": 1.3890143000032822,
            "children": {
                "TrainerController._reset_env": {
                    "total": 7.0823973,
                    "count": 1,
                    "self": 7.0823973
                },
                "TrainerController.advance": {
                    "total": 696.9332084999967,
                    "count": 29711,
                    "self": 1.270085099994958,
                    "children": {
                        "env_step": {
                            "total": 598.7369582000005,
                            "count": 29711,
                            "self": 516.5570174999947,
                            "children": {
                                "SubprocessEnvManager._take_step": {
                                    "total": 81.38951439999917,
                                    "count": 29711,
                                    "self": 3.1660596000007786,
                                    "children": {
                                        "TorchPolicy.evaluate": {
                                            "total": 78.2234547999984,
                                            "count": 23727,
                                            "self": 78.2234547999984
                                        }
                                    }
                                },
                                "workers": {
                                    "total": 0.7904263000065921,
                                    "count": 29710,
                                    "self": 0.0,
                                    "children": {
                                        "worker_root": {
                                            "total": 632.1945325000065,
                                            "count": 29710,
                                            "is_parallel": true,
                                            "self": 245.4955969999993,
                                            "children": {
                                                "steps_from_proto": {
                                                    "total": 0.0070560999999997875,
                                                    "count": 1,
                                                    "is_parallel": true,
                                                    "self": 0.0017725999999989028,