{"count":1,"self":265.46078719999997,"total":822.7296005,"children":{"InitializeActuators":{"count":12,"self":0.0010134999999999999,"total":0.0010134999999999999,"children":null},"InitializeSensors":{"count":12,"self":0.0010012999999999999,"total":0.0010012999999999999,"children":null},"AgentSendState":{"count":208367,"self":1.802443,"total":6.4211103,"children":{"CollectObservations":{"count":500088,"self":0.61529159999999994,"total":0.61529159999999994,"children":null},"WriteActionMask":{"count":500088,"self":0.2201907,"total":0.2201907,"children":null},"RequestDecision":{"count":500088,"self":1.0727666999999999,"total":3.783185,"children":{"AgentInfo.ToProto":{"count":500088,"self":1.0083185,"total":2.7104182999999997,"children":{"GenerateSensorData":{"count":500088,"self":1.7020997999999998,"total":1.7020997999999998,"children":null}}}}}}},"DecideAction":{"count":208367,"self":545.85728,"total":545.85726379999994,"children":null},"AgentAct":{"count":208367,"self":4.1534396,"total":4.1534396,"children":null},"AgentInfo.ToProto":{"count":31190,"self":0.3599115,"total":0.83437529999999993,"children":{"GenerateSensorData":{"count":31190,"self":0.4744638,"total":0.4744638,"children":null}}}},"gauges":{"TiltToGoal.CumulativeReward":{"count":31190,"max":2,"min":-2,"runningAverage":0.0557546876,"value":1,"weightedAverage":0.8847716}},"metadata":{"timer_format_version":"0.1.0","start_time_seconds":"1712566619","unity_version":"2022.3.10f1","command_line_arguments":"C:\\Program Files\\Unity\\Hub\\Editor\\2022.3.10f1\\Editor\\Unity.exe -projectpath C:\\Users\\mrmar\\Everything\\Unity\\Projects\\RLPrototype1 -useHub -hubIPC -cloudEnvironment production -licensingIpc LicenseClient-mrmar -hubSessionId 012664b7-c5cd-4bb4-a12d-c1a71ccb32a8 -accessToken gLMlEI3Ew5scbIOwGAyFdRsNhi1zbG5hs3rwb_A37k4008f","communication_protocol_version":"1.5.0","com.unity.ml-agents_version":"2.0.1","scene_name":"Prototype3","end_time_seconds":"1712567441"}}