{"count":1,"self":592.5981696,"total":1684.7630990999999,"children":{"InitializeActuators":{"count":7,"self":0.0035418999999999997,"total":0.0035418999999999997,"children":null},"InitializeSensors":{"count":7,"self":0.0017778,"total":0.0017778,"children":null},"AgentSendState":{"count":285984,"self":4.242084,"total":152.19960749999998,"children":{"CollectObservations":{"count":400379,"self":139.9293312,"total":139.92933069999998,"children":null},"WriteActionMask":{"count":400379,"self":0.5711982,"total":0.5711982,"children":null},"RequestDecision":{"count":400379,"self":1.8528604,"total":7.4569944999999995,"children":{"AgentInfo.ToProto":{"count":400379,"self":1.6826417999999999,"total":5.6041341,"children":{"GenerateSensorData":{"count":400379,"self":3.9214924,"total":3.9214922999999997,"children":null}}}}}}},"DecideAction":{"count":285984,"self":919.91070719999993,"total":919.91070989999992,"children":null},"AgentAct":{"count":285984,"self":19.7037664,"total":19.703766599999998,"children":null},"AgentInfo.ToProto":{"count":10390,"self":0.15156699999999998,"total":0.3443172,"children":{"GenerateSensorData":{"count":10390,"self":0.19275019999999998,"total":0.19275019999999998,"children":null}}}},"gauges":{"Ballin.CumulativeReward":{"count":10390,"max":193.377747,"min":2.987326,"runningAverage":37.3547821,"value":40.0590973,"weightedAverage":50.2343369}},"metadata":{"timer_format_version":"0.1.0","start_time_seconds":"1713945593","unity_version":"2022.3.10f1","command_line_arguments":"C:\\Program Files\\Unity\\Hub\\Editor\\2022.3.10f1\\Editor\\Unity.exe -projectpath C:\\Users\\mrmar\\Everything\\Unity\\Projects\\RLPrototype1 -useHub -hubIPC -cloudEnvironment production -licensingIpc LicenseClient-mrmar -hubSessionId 0ad96ee1-8608-4d79-bda6-b09ddb5bc4a7 -accessToken _xh2KCBgvGiUAvdGe9G2-9R9i9CNcYt2EtGNFIeakvQ008f","communication_protocol_version":"1.5.0","com.unity.ml-agents_version":"2.0.1","scene_name":"Prototype5","end_time_seconds":"1713947277"}}