{"count":1,"self":307.0803712,"total":1129.8897795999999,"children":{"InitializeActuators":{"count":9,"self":0.0015964999999999998,"total":0.0015964999999999998,"children":null},"InitializeSensors":{"count":9,"self":0.0009962,"total":0.0009962,"children":null},"AgentSendState":{"count":277834,"self":2.9756975999999997,"total":9.9399573,"children":{"CollectObservations":{"count":500103,"self":0.78922079999999994,"total":0.78922079999999994,"children":null},"WriteActionMask":{"count":500103,"self":0.4034213,"total":0.4034213,"children":null},"RequestDecision":{"count":500103,"self":1.7110759999999998,"total":5.7716176,"children":{"AgentInfo.ToProto":{"count":500103,"self":1.6491380999999998,"total":4.0605415,"children":{"GenerateSensorData":{"count":500103,"self":2.4114033999999998,"total":2.4114033999999998,"children":null}}}}}}},"DecideAction":{"count":277834,"self":806.2267392,"total":806.22673969999994,"children":null},"AgentAct":{"count":277834,"self":5.7826395999999995,"total":5.7826395,"children":null},"AgentInfo.ToProto":{"count":25513,"self":0.402116,"total":0.8564748,"children":{"GenerateSensorData":{"count":25513,"self":0.4543588,"total":0.4543588,"children":null}}}},"gauges":{"TiltToGoal.CumulativeReward":{"count":25513,"max":2,"min":-2,"runningAverage":0.0897578746,"value":-1,"weightedAverage":0.170452982}},"metadata":{"timer_format_version":"0.1.0","start_time_seconds":"1712397148","unity_version":"2022.3.10f1","command_line_arguments":"C:\\Program Files\\Unity\\Hub\\Editor\\2022.3.10f1\\Editor\\Unity.exe -projectpath C:\\Users\\mrmar\\Everything\\Unity\\Projects\\RLPrototype1 -useHub -hubIPC -cloudEnvironment production -licensingIpc LicenseClient-mrmar -hubSessionId a2fcc268-f7ff-41e0-9357-f449f74771c5 -accessToken VovWbvZPUywSoZ7LJLeO6klwB3D9V-iqm4iIiS0yDTM008f","communication_protocol_version":"1.5.0","com.unity.ml-agents_version":"2.0.1","scene_name":"Prototype3","end_time_seconds":"1712398277"}}