{"count":1,"self":20.8232784,"total":91.188536599999992,"children":{"InitializeActuators":{"count":32,"self":0.0015099,"total":0.0015099,"children":null},"InitializeSensors":{"count":32,"self":0.0025117,"total":0.0025117,"children":null},"AgentSendState":{"count":16767,"self":0.11808429999999999,"total":0.44516039999999996,"children":{"CollectObservations":{"count":53664,"self":0.0455592,"total":0.0455592,"children":null},"WriteActionMask":{"count":53664,"self":0.019112399999999998,"total":0.019112399999999998,"children":null},"RequestDecision":{"count":53664,"self":0.081082599999999991,"total":0.2624045,"children":{"AgentInfo.ToProto":{"count":53664,"self":0.07403839999999999,"total":0.18132189999999998,"children":{"GenerateSensorData":{"count":53664,"self":0.10728349999999999,"total":0.10728349999999999,"children":null}}}}}}},"DecideAction":{"count":16767,"self":28.3729312,"total":28.372931899999998,"children":null},"AgentAct":{"count":16767,"self":41.5354848,"total":41.5354856,"children":null},"AgentInfo.ToProto":{"count":724,"self":0.0020642,"total":0.006658,"children":{"GenerateSensorData":{"count":724,"self":0.0045937999999999994,"total":0.0045937999999999994,"children":null}}}},"gauges":{"MoveToGoal.CumulativeReward":{"count":724,"max":1,"min":-1,"runningAverage":-0.2817679,"value":1,"weightedAverage":0.948325455}},"metadata":{"timer_format_version":"0.1.0","start_time_seconds":"1712151127","unity_version":"2022.3.10f1","command_line_arguments":"C:\\Program Files\\Unity\\Hub\\Editor\\2022.3.10f1\\Editor\\Unity.exe -projectpath C:\\Users\\mrmar\\Everything\\Unity\\Projects\\RLPrototype1 -useHub -hubIPC -cloudEnvironment production -licensingIpc LicenseClient-mrmar -hubSessionId 7cce8c79-b634-4001-b27d-09129da6a491 -accessToken QhHz_5Ty_a6y0ugHSM0CH7jep16CaXlOYjKiAY6dn9o008f","communication_protocol_version":"1.5.0","com.unity.ml-agents_version":"2.0.1","scene_name":"TutorialPrototype","end_time_seconds":"1712151218"}}