{
    "name": "root",
    "gauges": {
        "Ballin.Policy.Entropy.mean": {
            "value": 1.376810073852539,
            "min": 1.376810073852539,
            "max": 1.420636773109436,
            "count": 10
        },
        "Ballin.Policy.Entropy.sum": {
            "value": 68812.96875,
            "min": 68812.96875,
            "max": 71152.59375,
            "count": 10
        },
        "Ballin.Environment.EpisodeLength.mean": {
            "value": 26.61270718232044,
            "min": 20.58937823834197,
            "max": 26.61270718232044,
            "count": 10
        },
        "Ballin.Environment.EpisodeLength.sum": {
            "value": 48169.0,
            "min": 47685.0,
            "max": 48169.0,
            "count": 10
        },
        "Ballin.Step.mean": {
            "value": 499976.0,
            "min": 49975.0,
            "max": 499976.0,
            "count": 10
        },
        "Ballin.Step.sum": {
            "value": 499976.0,
            "min": 49975.0,
            "max": 499976.0,
            "count": 10
        },
        "Ballin.Policy.ExtrinsicValueEstimate.mean": {
            "value": -0.8598795533180237,
            "min": -0.8735467791557312,
            "max": 3.0589303970336914,
            "count": 10
        },
        "Ballin.Policy.ExtrinsicValueEstimate.sum": {
            "value": -1562.401123046875,
            "min": -1831.457763671875,
            "max": 7081.423828125,
            "count": 10
        },
        "Ballin.Environment.CumulativeReward.mean": {
            "value": -0.999469063123328,
            "min": -0.9997240766850712,
            "max": -0.9993795705072934,
            "count": 10
        },
        "Ballin.Environment.CumulativeReward.sum": {
            "value": -1809.0390042532235,
            "min": -2314.36123752594,
            "max": -1809.0390042532235,
            "count": 10
        },
        "Ballin.Policy.ExtrinsicReward.mean": {
            "value": -0.999469063123328,
            "min": -0.9997240766850712,
            "max": -0.9993795705072934,
            "count": 10
        },
        "Ballin.Policy.ExtrinsicReward.sum": {
            "value": -1809.0390042532235,
            "min": -2314.36123752594,
            "max": -1809.0390042532235,
            "count": 10
        },
        "Ballin.Losses.PolicyLoss.mean": {
            "value": 0.021255138092674312,
            "min": 0.021255138092674312,
            "max": 0.02570443881054719,
            "count": 10
        },
        "Ballin.Losses.PolicyLoss.sum": {
            "value": 0.10627569046337157,
            "min": 0.0916016089109083,
            "max": 0.12852219405273596,
            "count": 10
        },
        "Ballin.Losses.ValueLoss.mean": {
            "value": 0.030176256497701004,
            "min": 0.02988726448578139,
            "max": 6.592419342696667,
            "count": 10
        },
        "Ballin.Losses.ValueLoss.sum": {
            "value": 0.15088128248850502,
            "min": 0.11954905794312556,
            "max": 26.36967737078667,
            "count": 10
        },
        "Ballin.Policy.LearningRate.mean": {
            "value": 1.6932094356e-05,
            "min": 1.6932094356e-05,
            "max": 0.00028461405512865,
            "count": 10
        },
        "Ballin.Policy.LearningRate.sum": {
            "value": 8.466047178e-05,
            "min": 8.466047178e-05,
            "max": 0.0012846000717999996,
            "count": 10
        },
        "Ballin.Policy.Epsilon.mean": {
            "value": 0.10564399999999999,
            "min": 0.10564399999999999,
            "max": 0.19487135000000003,
            "count": 10
        },
        "Ballin.Policy.Epsilon.sum": {
            "value": 0.5282199999999999,
            "min": 0.459501,
            "max": 0.9281999999999999,
            "count": 10
        },
        "Ballin.Policy.Beta.mean": {
            "value": 0.0002916356000000001,
            "min": 0.0002916356000000001,
            "max": 0.004744080365,
            "count": 10
        },
        "Ballin.Policy.Beta.sum": {
            "value": 0.0014581780000000005,
            "min": 0.0014581780000000005,
            "max": 0.02141718,
            "count": 10
        },
        "Ballin.IsTraining.mean": {
            "value": 1.0,
            "min": 1.0,
            "max": 1.0,
            "count": 10
        },
        "Ballin.IsTraining.sum": {
            "value": 1.0,
            "min": 1.0,
            "max": 1.0,
            "count": 10
        }
    },
    "metadata": {
        "timer_format_version": "0.1.0",
        "start_time_seconds": "1714390885",
        "python_version": "3.9.13 (tags/v3.9.13:6de2ca5, May 17 2022, 16:36:42) [MSC v.1929 64 bit (AMD64)]",
        "command_line_arguments": "C:\\Users\\mrmar\\Everything\\Unity\\Projects\\RLPrototype1\\venv\\Scripts\\mlagents-learn --run-id=BallingGood5",
        "mlagents_version": "0.30.0",
        "mlagents_envs_version": "0.30.0",
        "communication_protocol_version": "1.5.0",
        "pytorch_version": "1.13.1+cu117",
        "numpy_version": "1.21.2",
        "end_time_seconds": "1714393024"
    },
    "total": 2138.6728327,
    "count": 1,
    "self": 0.015969000000040978,
    "children": {
        "run_training.setup": {
            "total": 0.025750099999999998,
            "count": 1,
            "self": 0.025750099999999998
        },
        "TrainerController.start_learning": {
            "total": 2138.6311136,
            "count": 1,
            "self": 4.527262799961136,
            "children": {
                "TrainerController._reset_env": {
                    "total": 12.7357356,
                    "count": 1,
                    "self": 12.7357356
                },
                "TrainerController.advance": {
                    "total": 2121.2892659000386,
                    "count": 86926,
                    "self": 4.222559800050931,
                    "children": {
                        "env_step": {
                            "total": 1781.7150986999977,
                            "count": 86926,
                            "self": 1609.2475637000337,
                            "children": {
                                "SubprocessEnvManager._take_step": {
                                    "total": 169.73116109997474,
                                    "count": 86926,
                                    "self": 13.127347299944176,
                                    "children": {
                                        "TorchPolicy.evaluate": {
                                            "total": 156.60381380003057,
                                            "count": 71447,
                                            "self": 156.60381380003057
                                        }
                                    }
                                },
                                "workers": {
                                    "total": 2.7363738999893616,
                                    "count": 86926,
                                    "self": 0.0,
                                    "children": {
                                        "worker_root": {
                                            "total": 2120.00131040002,
                                            "count": 86926,
                                            "is_parallel": true,
                                            "self": 747.9282668000271,
                                            "children": {
                                                "steps_from_proto": {
                                                    "total": 0.0005158000000005103,
                                                    "count": 1,
                                                    "is_parallel": true,
                                                    "self": 0.00021059999999906154,