{
    "name": "root",
    "gauges": {
        "Ballin.Policy.Entropy.mean": {
            "value": 1.407572865486145,
            "min": 1.407572865486145,
            "max": 1.4193521738052368,
            "count": 7
        },
        "Ballin.Policy.Entropy.sum": {
            "value": 70350.4921875,
            "min": 70350.4921875,
            "max": 71071.21875,
            "count": 7
        },
        "Ballin.Environment.EpisodeLength.mean": {
            "value": 19.323039414872003,
            "min": 17.119202898550725,
            "max": 19.323039414872003,
            "count": 7
        },
        "Ballin.Environment.EpisodeLength.sum": {
            "value": 47554.0,
            "min": 47249.0,
            "max": 47554.0,
            "count": 7
        },
        "Ballin.Step.mean": {
            "value": 349999.0,
            "min": 49992.0,
            "max": 349999.0,
            "count": 7
        },
        "Ballin.Step.sum": {
            "value": 349999.0,
            "min": 49992.0,
            "max": 349999.0,
            "count": 7
        },
        "Ballin.Policy.ExtrinsicValueEstimate.mean": {
            "value": -0.8898440599441528,
            "min": -1.0128060579299927,
            "max": -0.8609540462493896,
            "count": 7
        },
        "Ballin.Policy.ExtrinsicValueEstimate.sum": {
            "value": -2189.90625,
            "min": -2794.331787109375,
            "max": -2189.90625,
            "count": 7
        },
        "Ballin.Environment.CumulativeReward.mean": {
            "value": -0.9996124905621506,
            "min": -0.999668338416809,
            "max": -0.9995859093361896,
            "count": 7
        },
        "Ballin.Environment.CumulativeReward.sum": {
            "value": -2460.0463392734528,
            "min": -2757.857523858547,
            "max": -2460.0463392734528,
            "count": 7
        },
        "Ballin.Policy.ExtrinsicReward.mean": {
            "value": -0.9996124905621506,
            "min": -0.999668338416809,
            "max": -0.9995859093361896,
            "count": 7
        },
        "Ballin.Policy.ExtrinsicReward.sum": {
            "value": -2460.0463392734528,
            "min": -2757.857523858547,
            "max": -2460.0463392734528,
            "count": 7
        },
        "Ballin.Losses.PolicyLoss.mean": {
            "value": 0.02682818153562645,
            "min": 0.021608604283537714,
            "max": 0.02682818153562645,
            "count": 7
        },
        "Ballin.Losses.PolicyLoss.sum": {
            "value": 0.13414090767813225,
            "min": 0.10148958710099881,
            "max": 0.13414090767813225,
            "count": 7
        },
        "Ballin.Losses.ValueLoss.mean": {
            "value": 0.0696281360834837,
            "min": 0.0696281360834837,
            "max": 1.292350662002961,
            "count": 7
        },
        "Ballin.Losses.ValueLoss.sum": {
            "value": 0.34814068041741847,
            "min": 0.34814068041741847,
            "max": 5.169402648011844,
            "count": 7
        },
        "Ballin.Policy.LearningRate.mean": {
            "value": 0.00010317726560759998,
            "min": 0.00010317726560759998,
            "max": 0.00028462470512509994,
            "count": 7
        },
        "Ballin.Policy.LearningRate.sum": {
            "value": 0.0005158863280379999,
            "min": 0.0005158863280379999,
            "max": 0.0012847428717523996,
            "count": 7
        },
        "Ballin.Policy.Epsilon.mean": {
            "value": 0.13439240000000002,
            "min": 0.13439240000000002,
            "max": 0.19487490000000002,
            "count": 7
        },
        "Ballin.Policy.Epsilon.sum": {
            "value": 0.6719620000000001,
            "min": 0.6719620000000001,
            "max": 0.9282476000000001,
            "count": 7
        },
        "Ballin.Policy.Beta.mean": {
            "value": 0.0017261807600000006,
            "min": 0.0017261807600000006,
            "max": 0.0047442575100000006,
            "count": 7
        },
        "Ballin.Policy.Beta.sum": {
            "value": 0.008630903800000003,
            "min": 0.008630903800000003,
            "max": 0.021419555240000002,
            "count": 7
        },
        "Ballin.IsTraining.mean": {
            "value": 1.0,
            "min": 1.0,
            "max": 1.0,
            "count": 7
        },
        "Ballin.IsTraining.sum": {
            "value": 1.0,
            "min": 1.0,
            "max": 1.0,
            "count": 7
        }
    },
    "metadata": {
        "timer_format_version": "0.1.0",
        "start_time_seconds": "1714388001",
        "python_version": "3.9.13 (tags/v3.9.13:6de2ca5, May 17 2022, 16:36:42) [MSC v.1929 64 bit (AMD64)]",
        "command_line_arguments": "C:\\Users\\mrmar\\Everything\\Unity\\Projects\\RLPrototype1\\venv\\Scripts\\mlagents-learn --run-id=BallinGood4",
        "mlagents_version": "0.30.0",
        "mlagents_envs_version": "0.30.0",
        "communication_protocol_version": "1.5.0",
        "pytorch_version": "1.13.1+cu117",
        "numpy_version": "1.21.2",
        "end_time_seconds": "1714390579"
    },
    "total": 2578.546589,
    "count": 1,
    "self": 0.006926099999873259,
    "children": {
        "run_training.setup": {
            "total": 0.026990599999999976,
            "count": 1,
            "self": 0.026990599999999976
        },
        "TrainerController.start_learning": {
            "total": 2578.5126723000003,
            "count": 1,
            "self": 3.568016100046407,
            "children": {
                "TrainerController._reset_env": {
                    "total": 15.882236299999999,
                    "count": 1,
                    "self": 15.882236299999999
                },
                "TrainerController.advance": {
                    "total": 2558.840052999954,
                    "count": 102106,
                    "self": 3.2832963999153435,
                    "children": {
                        "env_step": {
                            "total": 2344.722357300017,
                            "count": 102106,
                            "self": 2077.6138071,
                            "children": {
                                "SubprocessEnvManager._take_step": {
                                    "total": 264.9826795000094,
                                    "count": 102107,
                                    "self": 9.3696731000461,
                                    "children": {
                                        "TorchPolicy.evaluate": {
                                            "total": 255.6130063999633,
                                            "count": 86015,
                                            "self": 255.6130063999633
                                        }
                                    }
                                },
                                "workers": {
                                    "total": 2.1258707000077024,
                                    "count": 102105,
                                    "self": 0.0,
                                    "children": {
                                        "worker_root": {
                                            "total": 2463.824619799985,
                                            "count": 102105,
                                            "is_parallel": true,
                                            "self": 660.4568400000244,
                                            "children": {
                                                "steps_from_proto": {
                                                    "total": 0.0012153999999977572,
                                                    "count": 2,
                                                    "is_parallel": true,
                                                    "self": 0.0006762999999985198,