{
    "name": "root",
    "metadata": {
        "timer_format_version": "0.1.0",
        "start_time_seconds": "1712319699",
        "python_version": "3.9.13 (tags/v3.9.13:6de2ca5, May 17 2022, 16:36:42) [MSC v.1929 64 bit (AMD64)]",
        "command_line_arguments": "C:\\Users\\mrmar\\Everything\\Unity\\Projects\\RLPrototype1\\venv\\Scripts\\mlagents-learn --run-id=BoardTilt3",
        "mlagents_version": "0.30.0",
        "mlagents_envs_version": "0.30.0",
        "communication_protocol_version": "1.5.0",
        "pytorch_version": "1.13.1+cu117",
        "numpy_version": "1.21.2",
        "end_time_seconds": "1712319805"
    },
    "total": 105.4129801,
    "count": 1,
    "self": 0.014878499999994688,
    "children": {
        "run_training.setup": {
            "total": 0.0232367,
            "count": 1,
            "self": 0.0232367
        },
        "TrainerController.start_learning": {
            "total": 105.3748649,
            "count": 1,
            "self": 0.0539345999999199,
            "children": {
                "TrainerController._reset_env": {
                    "total": 11.488807699999999,
                    "count": 1,
                    "self": 11.488807699999999
                },
                "TrainerController.advance": {
                    "total": 93.68733150000008,
                    "count": 1296,
                    "self": 0.05216850000027762,
                    "children": {
                        "env_step": {
                            "total": 82.24673619999993,
                            "count": 1296,
                            "self": 79.52830209999972,
                            "children": {
                                "SubprocessEnvManager._take_step": {
                                    "total": 2.685497000000149,
                                    "count": 1296,
                                    "self": 0.1973429000000948,
                                    "children": {
                                        "TorchPolicy.evaluate": {
                                            "total": 2.488154100000054,
                                            "count": 1281,
                                            "self": 2.488154100000054
                                        }
                                    }
                                },
                                "workers": {
                                    "total": 0.032937100000062,
                                    "count": 1295,
                                    "self": 0.0,
                                    "children": {
                                        "worker_root": {
                                            "total": 26.786415000000027,
                                            "count": 1295,
                                            "is_parallel": true,
                                            "self": 12.966496300000019,
                                            "children": {
                                                "steps_from_proto": {
                                                    "total": 0.0007720999999989431,
                                                    "count": 1,
                                                    "is_parallel": true,
                                                    "self": 0.0002566999999995545,
                                                    "children": {
                                                        "_process_rank_one_or_two_observation": {
                                                            "total": 0.0005153999999993886,
                                                            "count": 2,
                                                            "is_parallel": true,
                                                            "self": 0.0005153999999993886
                                                        }
                                                    }
                                                },
                                                "UnityEnvironment.step": {
                                                    "total": 13.819146600000009,
                                                    "count": 1295,
                                                    "is_parallel": true,
                                                    "self": 0.22857529999989978,
                                                    "children": {
                                                        "UnityEnvironment._generate_step_input": {
                                                            "total": 0.7483201000001252,
                                                            "count": 1295,
                                                            "is_parallel": true,
                                                            "self": 0.7483201000001252
                                                        },
                                                        "communicator.exchange": {
                                                            "total": 12.348691499999953,
                                                            "count": 1295,
                                                            "is_parallel": true,
                                                            "self": 12.348691499999953
                                                        },
                                                        "steps_from_proto": {
                                                            "total": 0.4935597000000307,
                                                            "count": 1295,
                                                            "is_parallel": true,
                                                            "self": 0.19891639999979915,
                                                            "children": {
                                                                "_process_rank_one_or_two_observation": {
                                                                    "total": 0.29464330000023153,
                                                                    "count": 2590,
                                                                    "is_parallel": true,
                                                                    "self": 0.29464330000023153
                                                                }
                                                            }
                                                        }
                                                    }
                                                }
                                            }
                                        }
                                    }
                                }
                            }
                        },
                        "trainer_advance": {
                            "total": 11.38842679999987,
                            "count": 1295,
                            "self": 0.06474339999989454,
                            "children": {
                                "process_trajectory": {
                                    "total": 2.207507499999977,
                                    "count": 1295,
                                    "self": 2.207507499999977
                                },
                                "_update_policy": {
                                    "total": 9.116175899999998,
                                    "count": 2,
                                    "self": 5.0968757000000195,
                                    "children": {
                                        "TorchPPOOptimizer.update": {
                                            "total": 4.019300199999979,
                                            "count": 60,