{
    "name": "root",
    "gauges": {
        "Ballin.Policy.Entropy.mean": {
            "value": 1.385745644569397,
            "min": 1.385745644569397,
            "max": 1.4113738536834717,
            "count": 8
        },
        "Ballin.Policy.Entropy.sum": {
            "value": 69337.171875,
            "min": 69317.75,
            "max": 70718.296875,
            "count": 8
        },
        "Ballin.Environment.EpisodeLength.mean": {
            "value": 52.205100956429334,
            "min": 21.03303964757709,
            "max": 52.205100956429334,
            "count": 8
        },
        "Ballin.Environment.EpisodeLength.sum": {
            "value": 49125.0,
            "min": 47745.0,
            "max": 49125.0,
            "count": 8
        },
        "Ballin.Step.mean": {
            "value": 399958.0,
            "min": 49999.0,
            "max": 399958.0,
            "count": 8
        },
        "Ballin.Step.sum": {
            "value": 399958.0,
            "min": 49999.0,
            "max": 399958.0,
            "count": 8
        },
        "Ballin.Policy.ExtrinsicValueEstimate.mean": {
            "value": 23.26801872253418,
            "min": 5.862218856811523,
            "max": 23.26801872253418,
            "count": 8
        },
        "Ballin.Policy.ExtrinsicValueEstimate.sum": {
            "value": 27456.26171875,
            "min": 13301.375,
            "max": 27456.26171875,
            "count": 8
        },
        "Ballin.Environment.CumulativeReward.mean": {
            "value": 51.27932496958591,
            "min": 20.05210934099304,
            "max": 51.27932496958591,
            "count": 8
        },
        "Ballin.Environment.CumulativeReward.sum": {
            "value": 48202.56547141075,
            "min": 45498.23609471321,
            "max": 48202.56547141075,
            "count": 8
        },
        "Ballin.Policy.ExtrinsicReward.mean": {
            "value": 51.27932496958591,
            "min": 20.05210934099304,
            "max": 51.27932496958591,
            "count": 8
        },
        "Ballin.Policy.ExtrinsicReward.sum": {
            "value": 48202.56547141075,
            "min": 45498.23609471321,
            "max": 48202.56547141075,
            "count": 8
        },
        "Ballin.Losses.PolicyLoss.mean": {
            "value": 0.024461225140839815,
            "min": 0.021647591047803873,
            "max": 0.025930898000951857,
            "count": 8
        },
        "Ballin.Losses.PolicyLoss.sum": {
            "value": 0.09784490056335926,
            "min": 0.08659036419121549,
            "max": 0.1296544900047593,
            "count": 8
        },
        "Ballin.Losses.ValueLoss.mean": {
            "value": 67.20772959391276,
            "min": 22.008110249837237,
            "max": 67.20772959391276,
            "count": 8
        },
        "Ballin.Losses.ValueLoss.sum": {
            "value": 268.83091837565104,
            "min": 109.18004741668702,
            "max": 319.6694796244303,
            "count": 8
        },
        "Ballin.Policy.LearningRate.mean": {
            "value": 7.527427490859999e-05,
            "min": 7.527427490859999e-05,
            "max": 0.00028461045512984996,
            "count": 8
        },
        "Ballin.Policy.LearningRate.sum": {
            "value": 0.00030109709963439997,
            "min": 0.00030109709963439997,
            "max": 0.0012845568718144003,
            "count": 8
        },
        "Ballin.Policy.Epsilon.mean": {
            "value": 0.1250914,
            "min": 0.1250914,
            "max": 0.19487014999999996,
            "count": 8
        },
        "Ballin.Policy.Epsilon.sum": {
            "value": 0.5003656,
            "min": 0.5003656,
            "max": 0.9281856000000003,
            "count": 8
        },
        "Ballin.Policy.Beta.mean": {
            "value": 0.0012620608600000002,
            "min": 0.0012620608600000002,
            "max": 0.004744020485,
            "count": 8
        },
        "Ballin.Policy.Beta.sum": {
            "value": 0.005048243440000001,
            "min": 0.005048243440000001,
            "max": 0.021416461440000003,
            "count": 8
        },
        "Ballin.IsTraining.mean": {
            "value": 1.0,
            "min": 1.0,
            "max": 1.0,
            "count": 8
        },
        "Ballin.IsTraining.sum": {
            "value": 1.0,
            "min": 1.0,
            "max": 1.0,
            "count": 8
        }
    },
    "metadata": {
        "timer_format_version": "0.1.0",
        "start_time_seconds": "1713945583",
        "python_version": "3.9.13 (tags/v3.9.13:6de2ca5, May 17 2022, 16:36:42) [MSC v.1929 64 bit (AMD64)]",
        "command_line_arguments": "C:\\Users\\mrmar\\Everything\\Unity\\Projects\\RLPrototype1\\venv\\Scripts\\mlagents-learn --run-id=Ballin23",
        "mlagents_version": "0.30.0",
        "mlagents_envs_version": "0.30.0",
        "communication_protocol_version": "1.5.0",
        "pytorch_version": "1.13.1+cu117",
        "numpy_version": "1.21.2",
        "end_time_seconds": "1713947342"
    },
    "total": 1758.410429,
    "count": 1,
    "self": 0.00932360000024346,
    "children": {
        "run_training.setup": {
            "total": 0.047702699999999876,
            "count": 1,
            "self": 0.047702699999999876
        },
        "TrainerController.start_learning": {
            "total": 1758.3534026999998,
            "count": 1,
            "self": 2.9568477000143503,
            "children": {
                "TrainerController._reset_env": {
                    "total": 10.4626292,
                    "count": 1,
                    "self": 10.4626292
                },
                "TrainerController.advance": {
                    "total": 1744.6152757999855,
                    "count": 65341,
                    "self": 3.0294344999865643,
                    "children": {
                        "env_step": {
                            "total": 1496.843061800015,
                            "count": 65341,
                            "self": 1279.3866006000312,
                            "children": {
                                "SubprocessEnvManager._take_step": {
                                    "total": 215.5967731999958,
                                    "count": 65341,
                                    "self": 8.71163909999595,
                                    "children": {
                                        "TorchPolicy.evaluate": {
                                            "total": 206.88513409999985,
                                            "count": 57194,
                                            "self": 206.88513409999985
                                        }
                                    }
                                },
                                "workers": {
                                    "total": 1.8596879999880542,
                                    "count": 65340,
                                    "self": 0.0,
                                    "children": {
                                        "worker_root": {
                                            "total": 1678.6858023000018,
                                            "count": 65340,
                                            "is_parallel": true,
                                            "self": 621.5795192000417,
                                            "children": {
                                                "steps_from_proto": {
                                                    "total": 0.007296900000000051,
                                                    "count": 1,
                                                    "is_parallel": true,
                                                    "self": 0.002634700000001544,