{
    "name": "root",
    "metadata": {
        "timer_format_version": "0.1.0",
        "start_time_seconds": "1712151002",
        "python_version": "3.9.13 (tags/v3.9.13:6de2ca5, May 17 2022, 16:36:42) [MSC v.1929 64 bit (AMD64)]",
        "command_line_arguments": "c:\\Users\\mrmar\\Everything\\Unity\\Projects\\RLPrototype1\\venv\\Scripts\\mlagents-learn --run-id=Test22",
        "mlagents_version": "0.30.0",
        "mlagents_envs_version": "0.30.0",
        "communication_protocol_version": "1.5.0",
        "pytorch_version": "1.13.1+cu117",
        "numpy_version": "1.21.2",
        "end_time_seconds": "1712151087"
    },
    "total": 84.7779593,
    "count": 1,
    "self": 0.01046400000001313,
    "children": {
        "run_training.setup": {
            "total": 0.01974319999999996,
            "count": 1,
            "self": 0.01974319999999996
        },
        "TrainerController.start_learning": {
            "total": 84.7477521,
            "count": 1,
            "self": 0.01604769999998723,
            "children": {
                "TrainerController._reset_env": {
                    "total": 12.8880619,
                    "count": 1,
                    "self": 12.8880619
                },
                "TrainerController.advance": {
                    "total": 71.69053870000002,
                    "count": 410,
                    "self": 0.015188400000027968,
                    "children": {
                        "env_step": {
                            "total": 70.99421959999998,
                            "count": 410,
                            "self": 70.35611820000007,
                            "children": {
                                "SubprocessEnvManager._take_step": {
                                    "total": 0.6291451999999307,
                                    "count": 410,
                                    "self": 0.045926499999975334,
                                    "children": {
                                        "TorchPolicy.evaluate": {
                                            "total": 0.5832186999999553,
                                            "count": 334,
                                            "self": 0.5832186999999553
                                        }
                                    }
                                },
                                "workers": {
                                    "total": 0.008956199999976988,
                                    "count": 409,
                                    "self": 0.0,
                                    "children": {
                                        "worker_root": {
                                            "total": 9.681962800000019,
                                            "count": 409,
                                            "is_parallel": true,
                                            "self": 2.3751486000000046,
                                            "children": {
                                                "steps_from_proto": {
                                                    "total": 0.00046739999999978465,
                                                    "count": 1,
                                                    "is_parallel": true,
                                                    "self": 0.00015849999999950626,
                                                    "children": {
                                                        "_process_rank_one_or_two_observation": {
                                                            "total": 0.0003089000000002784,
                                                            "count": 2,
                                                            "is_parallel": true,
                                                            "self": 0.0003089000000002784
                                                        }
                                                    }
                                                },
                                                "UnityEnvironment.step": {
                                                    "total": 7.306346800000014,
                                                    "count": 409,
                                                    "is_parallel": true,
                                                    "self": 0.06769900000009876,
                                                    "children": {
                                                        "UnityEnvironment._generate_step_input": {
                                                            "total": 0.1671079999999634,
                                                            "count": 409,
                                                            "is_parallel": true,
                                                            "self": 0.1671079999999634
                                                        },
                                                        "communicator.exchange": {
                                                            "total": 6.923226500000013,
                                                            "count": 409,
                                                            "is_parallel": true,
                                                            "self": 6.923226500000013
                                                        },
                                                        "steps_from_proto": {
                                                            "total": 0.14831329999993947,
                                                            "count": 409,
                                                            "is_parallel": true,
                                                            "self": 0.060587099999928284,
                                                            "children": {
                                                                "_process_rank_one_or_two_observation": {
                                                                    "total": 0.08772620000001119,
                                                                    "count": 818,
                                                                    "is_parallel": true,
                                                                    "self": 0.08772620000001119
                                                                }
                                                            }
                                                        }
                                                    }
                                                }
                                            }
                                        }
                                    }
                                }
                            }
                        },
                        "trainer_advance": {
                            "total": 0.6811307000000113,
                            "count": 409,
                            "self": 0.020665899999993798,
                            "children": {
                                "process_trajectory": {
                                    "total": 0.6604648000000175,
                                    "count": 409,
                                    "self": 0.6604648000000175
                                }
                            }
                        }
                    }
                },
                "TrainerController._save_models": {
                    "total": 0.15310379999999668,
                    "count": 1,
                    "self": 0.012360400000005711,
                    "children": {
                        "RLTrainer._checkpoint": {
                            "total": 0.14074339999999097,
                            "count": 1,