{
    "name": "root",
    "gauges": {
        "MoveToGoal.Policy.Entropy.mean": {
            "value": 1.4136501550674438,
            "min": 1.4136501550674438,
            "max": 1.421067237854004,
            "count": 2
        },
        "MoveToGoal.Policy.Entropy.sum": {
            "value": 70411.0859375,
            "min": 70411.0859375,
            "max": 71553.578125,
            "count": 2
        },
        "MoveToGoal.Environment.EpisodeLength.mean": {
            "value": 19.0512,
            "min": 19.0512,
            "max": 49.892857142857146,
            "count": 2
        },
        "MoveToGoal.Environment.EpisodeLength.sum": {
            "value": 47628.0,
            "min": 47628.0,
            "max": 48895.0,
            "count": 2
        },
        "MoveToGoal.Step.mean": {
            "value": 99995.0,
            "min": 49973.0,
            "max": 99995.0,
            "count": 2
        },
        "MoveToGoal.Step.sum": {
            "value": 99995.0,
            "min": 49973.0,
            "max": 99995.0,
            "count": 2
        },
        "MoveToGoal.Policy.ExtrinsicValueEstimate.mean": {
            "value": 0.6283368468284607,
            "min": -0.7192342877388,
            "max": 0.6283368468284607,
            "count": 2
        },
        "MoveToGoal.Policy.ExtrinsicValueEstimate.sum": {
            "value": 1604.14404296875,
            "min": -968.80859375,
            "max": 1604.14404296875,
            "count": 2
        },
        "MoveToGoal.Environment.CumulativeReward.mean": {
            "value": 0.9368,
            "min": 0.0745658835546476,
            "max": 0.9368,
            "count": 2
        },
        "MoveToGoal.Environment.CumulativeReward.sum": {
            "value": 2342.0,
            "min": 73.0,
            "max": 2342.0,
            "count": 2
        },
        "MoveToGoal.Policy.ExtrinsicReward.mean": {
            "value": 0.9368,
            "min": 0.0745658835546476,
            "max": 0.9368,
            "count": 2
        },
        "MoveToGoal.Policy.ExtrinsicReward.sum": {
            "value": 2342.0,
            "min": 73.0,
            "max": 2342.0,
            "count": 2
        },
        "MoveToGoal.Losses.PolicyLoss.mean": {
            "value": 0.0254296738980338,
            "min": 0.02523450159933418,
            "max": 0.0254296738980338,
            "count": 2
        },
        "MoveToGoal.Losses.PolicyLoss.sum": {
            "value": 0.127148369490169,
            "min": 0.10093800639733672,
            "max": 0.127148369490169,
            "count": 2
        },
        "MoveToGoal.Losses.ValueLoss.mean": {
            "value": 0.06231027897447348,
            "min": 0.06231027897447348,
            "max": 0.13700725324451923,
            "count": 2
        },
        "MoveToGoal.Losses.ValueLoss.sum": {
            "value": 0.3115513948723674,
            "min": 0.3115513948723674,
            "max": 0.5480290129780769,
            "count": 2
        },
        "MoveToGoal.Policy.LearningRate.mean": {
            "value": 0.00025690213436595997,
            "min": 0.00025690213436595997,
            "max": 0.00028460520513159997,
            "count": 2
        },
        "MoveToGoal.Policy.LearningRate.sum": {
            "value": 0.0012845106718298,
            "min": 0.0011384208205263999,
            "max": 0.0012845106718298,
            "count": 2
        },
        "MoveToGoal.Policy.Epsilon.mean": {
            "value": 0.18563404,
            "min": 0.18563404,
            "max": 0.19486840000000005,
            "count": 2
        },
        "MoveToGoal.Policy.Epsilon.sum": {
            "value": 0.9281702000000001,
            "min": 0.7794736000000002,
            "max": 0.9281702000000001,
            "count": 2
        },
        "MoveToGoal.Policy.Beta.mean": {
            "value": 0.004283138596,
            "min": 0.004283138596,
            "max": 0.00474393316,
            "count": 2
        },
        "MoveToGoal.Policy.Beta.sum": {
            "value": 0.02141569298,
            "min": 0.01897573264,
            "max": 0.02141569298,
            "count": 2
        },
        "MoveToGoal.IsTraining.mean": {
            "value": 1.0,
            "min": 1.0,
            "max": 1.0,
            "count": 2
        },
        "MoveToGoal.IsTraining.sum": {
            "value": 1.0,
            "min": 1.0,
            "max": 1.0,
            "count": 2
        }
    },
    "metadata": {
        "timer_format_version": "0.1.0",
        "start_time_seconds": "1712054856",
        "python_version": "3.9.13 (tags/v3.9.13:6de2ca5, May 17 2022, 16:36:42) [MSC v.1929 64 bit (AMD64)]",
        "command_line_arguments": "C:\\Users\\mrmar\\Everything\\Unity\\Projects\\RLPrototype1\\venv\\Scripts\\mlagents-learn --run-id=Test3",
        "mlagents_version": "0.30.0",
        "mlagents_envs_version": "0.30.0",
        "communication_protocol_version": "1.5.0",
        "pytorch_version": "1.13.1+cu117",
        "numpy_version": "1.21.2",
        "end_time_seconds": "1712055364"
    },
    "total": 507.5829823,
    "count": 1,
    "self": 0.01773579999996855,
    "children": {
        "run_training.setup": {
            "total": 0.07368350000000001,
            "count": 1,
            "self": 0.07368350000000001
        },
        "TrainerController.start_learning": {
            "total": 507.49156300000004,
            "count": 1,
            "self": 0.622170499998731,
            "children": {
                "TrainerController._reset_env": {
                    "total": 35.8633144,
                    "count": 1,
                    "self": 35.8633144
                },
                "TrainerController.advance": {
                    "total": 470.7283992000013,
                    "count": 11974,
                    "self": 0.5873730000006958,
                    "children": {
                        "env_step": {
                            "total": 396.931442600003,
                            "count": 11974,
                            "self": 381.6249995000013,
                            "children": {
                                "SubprocessEnvManager._take_step": {
                                    "total": 14.980382399998483,
                                    "count": 11974,
                                    "self": 1.2953198999984608,
                                    "children": {
                                        "TorchPolicy.evaluate": {
                                            "total": 13.685062500000022,
                                            "count": 7951,
                                            "self": 13.685062500000022
                                        }
                                    }
                                },
                                "workers": {
                                    "total": 0.32606070000316834,
                                    "count": 11973,
                                    "self": 0.0,
                                    "children": {
                                        "worker_root": {
                                            "total": 405.3879724000003,
                                            "count": 11973,
                                            "is_parallel": true,
                                            "self": 118.97116399999965,
                                            "children": {
                                                "steps_from_proto": {
                                                    "total": 0.0007523000000020375,
                                                    "count": 1,
                                                    "is_parallel": true,
                                                    "self": 0.00027350000000581076,