{
    "name": "root",
    "metadata": {
        "timer_format_version": "0.1.0",
        "start_time_seconds": "1714387741",
        "python_version": "3.9.13 (tags/v3.9.13:6de2ca5, May 17 2022, 16:36:42) [MSC v.1929 64 bit (AMD64)]",
        "command_line_arguments": "C:\\Users\\mrmar\\Everything\\Unity\\Projects\\RLPrototype1\\venv\\Scripts\\mlagents-learn --run-id=BallinGood3",
        "mlagents_version": "0.30.0",
        "mlagents_envs_version": "0.30.0",
        "communication_protocol_version": "1.5.0",
        "pytorch_version": "1.13.1+cu117",
        "numpy_version": "1.21.2",
        "end_time_seconds": "1714387870"
    },
    "total": 128.2510581,
    "count": 1,
    "self": 0.010094600000002174,
    "children": {
        "run_training.setup": {
            "total": 0.020379900000000006,
            "count": 1,
            "self": 0.020379900000000006
        },
        "TrainerController.start_learning": {
            "total": 128.2205836,
            "count": 1,
            "self": 0.1503628000000674,
            "children": {
                "TrainerController._reset_env": {
                    "total": 6.6011213,
                    "count": 1,
                    "self": 6.6011213
                },
                "TrainerController.advance": {
                    "total": 121.32167319999992,
                    "count": 3355,
                    "self": 0.1393379999995119,
                    "children": {
                        "env_step": {
                            "total": 120.10019010000009,
                            "count": 3355,
                            "self": 105.89727229999968,
                            "children": {
                                "SubprocessEnvManager._take_step": {
                                    "total": 14.115428200000297,
                                    "count": 3355,
                                    "self": 0.4304132000004124,
                                    "children": {
                                        "TorchPolicy.evaluate": {
                                            "total": 13.685014999999884,
                                            "count": 3214,
                                            "self": 13.685014999999884
                                        }
                                    }
                                },
                                "workers": {
                                    "total": 0.08748960000011685,
                                    "count": 3354,
                                    "self": 0.0,
                                    "children": {
                                        "worker_root": {
                                            "total": 59.25624760000021,
                                            "count": 3354,
                                            "is_parallel": true,
                                            "self": 22.47033639999998,
                                            "children": {
                                                "steps_from_proto": {
                                                    "total": 0.0017142999999997244,
                                                    "count": 1,
                                                    "is_parallel": true,
                                                    "self": 0.0015730000000004907,
                                                    "children": {
                                                        "_process_rank_one_or_two_observation": {
                                                            "total": 0.0001412999999992337,
                                                            "count": 2,
                                                            "is_parallel": true,
                                                            "self": 0.0001412999999992337
                                                        }
                                                    }
                                                },
                                                "UnityEnvironment.step": {
                                                    "total": 36.784196900000225,
                                                    "count": 3354,
                                                    "is_parallel": true,
                                                    "self": 0.4230468999998749,
                                                    "children": {
                                                        "UnityEnvironment._generate_step_input": {
                                                            "total": 0.5450931000001358,
                                                            "count": 3354,
                                                            "is_parallel": true,
                                                            "self": 0.5450931000001358
                                                        },
                                                        "communicator.exchange": {
                                                            "total": 34.507856699999955,
                                                            "count": 3354,
                                                            "is_parallel": true,
                                                            "self": 34.507856699999955
                                                        },
                                                        "steps_from_proto": {
                                                            "total": 1.3082002000002548,
                                                            "count": 3354,
                                                            "is_parallel": true,
                                                            "self": 0.7866184999999497,
                                                            "children": {
                                                                "_process_rank_one_or_two_observation": {
                                                                    "total": 0.5215817000003051,
                                                                    "count": 6708,
                                                                    "is_parallel": true,
                                                                    "self": 0.5215817000003051
                                                                }
                                                            }
                                                        }
                                                    }
                                                }
                                            }
                                        }
                                    }
                                }
                            }
                        },
                        "trainer_advance": {
                            "total": 1.0821451000003233,
                            "count": 3354,
                            "self": 0.17496430000022833,
                            "children": {
                                "process_trajectory": {
                                    "total": 0.9071808000000949,
                                    "count": 3354,
                                    "self": 0.9071808000000949
                                }
                            }
                        }
                    }
                },
                "TrainerController._save_models": {
                    "total": 0.14742630000000645,
                    "count": 1,
                    "self": 0.05036470000001714,
                    "children": {
                        "RLTrainer._checkpoint": {
                            "total": 0.09706159999998931,
                            "count": 1,