{
    "name": "root",
    "gauges": {
        "TiltToGoal.Policy.Entropy.mean": {
            "value": 1.3569331169128418,
            "min": 1.3569331169128418,
            "max": 1.4170781373977661,
            "count": 10
        },
        "TiltToGoal.Policy.Entropy.sum": {
            "value": 67884.6484375,
            "min": 67884.6484375,
            "max": 71080.640625,
            "count": 10
        },
        "TiltToGoal.Environment.EpisodeLength.mean": {
            "value": 11.963961628208452,
            "min": 11.963961628208452,
            "max": 26.541299559471366,
            "count": 10
        },
        "TiltToGoal.Environment.EpisodeLength.sum": {
            "value": 46145.0,
            "min": 46145.0,
            "max": 48199.0,
            "count": 10
        },
        "TiltToGoal.Step.mean": {
            "value": 499997.0,
            "min": 49989.0,
            "max": 499997.0,
            "count": 10
        },
        "TiltToGoal.Step.sum": {
            "value": 499997.0,
            "min": 49989.0,
            "max": 499997.0,
            "count": 10
        },
        "TiltToGoal.Policy.ExtrinsicValueEstimate.mean": {
            "value": 0.3089495301246643,
            "min": -0.5143075585365295,
            "max": 0.3089495301246643,
            "count": 10
        },
        "TiltToGoal.Policy.ExtrinsicValueEstimate.sum": {
            "value": 1191.6182861328125,
            "min": -1185.4788818359375,
            "max": 1191.6182861328125,
            "count": 10
        },
        "TiltToGoal.Environment.CumulativeReward.mean": {
            "value": 0.40005185377236196,
            "min": -0.7278236914600551,
            "max": 0.40005185377236196,
            "count": 10
        },
        "TiltToGoal.Environment.CumulativeReward.sum": {
            "value": 1543.0,
            "min": -1321.0,
            "max": 1543.0,
            "count": 10
        },
        "TiltToGoal.Policy.ExtrinsicReward.mean": {
            "value": 0.40005185377236196,
            "min": -0.7278236914600551,
            "max": 0.40005185377236196,
            "count": 10
        },
        "TiltToGoal.Policy.ExtrinsicReward.sum": {
            "value": 1543.0,
            "min": -1321.0,
            "max": 1543.0,
            "count": 10
        },
        "TiltToGoal.Losses.PolicyLoss.mean": {
            "value": 0.022525379142413534,
            "min": 0.021491115652800846,
            "max": 0.024967841181593634,
            "count": 10
        },
        "TiltToGoal.Losses.PolicyLoss.sum": {
            "value": 0.11262689571206767,
            "min": 0.08596446261120338,
            "max": 0.12483920590796817,
            "count": 10
        },
        "TiltToGoal.Losses.ValueLoss.mean": {
            "value": 0.4506933053334555,
            "min": 0.1380888491248091,
            "max": 0.47696091016133624,
            "count": 10
        },
        "TiltToGoal.Losses.ValueLoss.sum": {
            "value": 2.2534665266672773,
            "min": 0.5523553964992364,
            "max": 2.384804550806681,
            "count": 10
        },
        "TiltToGoal.Policy.LearningRate.mean": {
            "value": 1.7073574308840004e-05,
            "min": 1.7073574308840004e-05,
            "max": 0.00028461885512704994,
            "count": 10
        },
        "TiltToGoal.Policy.LearningRate.sum": {
            "value": 8.536787154420002e-05,
            "min": 8.536787154420002e-05,
            "max": 0.0012845970718009998,
            "count": 10
        },
        "TiltToGoal.Policy.Epsilon.mean": {
            "value": 0.10569116,
            "min": 0.10569116,
            "max": 0.19487295,
            "count": 10
        },
        "TiltToGoal.Policy.Epsilon.sum": {
            "value": 0.5284558,
            "min": 0.45965300000000003,
            "max": 0.9281989999999998,
            "count": 10
        },
        "TiltToGoal.Policy.Beta.mean": {
            "value": 0.0002939888840000001,
            "min": 0.0002939888840000001,
            "max": 0.0047441602049999995,
            "count": 10
        },
        "TiltToGoal.Policy.Beta.sum": {
            "value": 0.0014699444200000006,
            "min": 0.0014699444200000006,
            "max": 0.0214171301,
            "count": 10
        },
        "TiltToGoal.IsTraining.mean": {
            "value": 1.0,
            "min": 1.0,
            "max": 1.0,
            "count": 10
        },
        "TiltToGoal.IsTraining.sum": {
            "value": 1.0,
            "min": 1.0,
            "max": 1.0,
            "count": 10
        }
    },
    "metadata": {
        "timer_format_version": "0.1.0",
        "start_time_seconds": "1712564100",
        "python_version": "3.9.13 (tags/v3.9.13:6de2ca5, May 17 2022, 16:36:42) [MSC v.1929 64 bit (AMD64)]",
        "command_line_arguments": "C:\\Users\\mrmar\\Everything\\Unity\\Projects\\RLPrototype1\\venv\\Scripts\\mlagents-learn --run-id=BoardTilt_0.1",
        "mlagents_version": "0.30.0",
        "mlagents_envs_version": "0.30.0",
        "communication_protocol_version": "1.5.0",
        "pytorch_version": "1.13.1+cu117",
        "numpy_version": "1.21.2",
        "end_time_seconds": "1712564744"
    },
    "total": 644.2294048,
    "count": 1,
    "self": 0.014871799999923496,
    "children": {
        "run_training.setup": {
            "total": 0.0738821000000005,
            "count": 1,
            "self": 0.0738821000000005
        },
        "TrainerController.start_learning": {
            "total": 644.1406509000001,
            "count": 1,
            "self": 1.7716024000212656,
            "children": {
                "TrainerController._reset_env": {
                    "total": 12.3049822,
                    "count": 1,
                    "self": 12.3049822
                },
                "TrainerController.advance": {
                    "total": 630.0268404999787,
                    "count": 65503,
                    "self": 1.497504299968,
                    "children": {
                        "env_step": {
                            "total": 479.63869490000644,
                            "count": 65503,
                            "self": 433.0712785000062,
                            "children": {
                                "SubprocessEnvManager._take_step": {
                                    "total": 45.648473299996866,
                                    "count": 65503,
                                    "self": 3.5634313999975262,
                                    "children": {
                                        "TorchPolicy.evaluate": {
                                            "total": 42.08504189999934,
                                            "count": 41674,
                                            "self": 42.08504189999934
                                        }
                                    }
                                },
                                "workers": {
                                    "total": 0.9189431000033785,
                                    "count": 65503,
                                    "self": 0.0,
                                    "children": {
                                        "worker_root": {
                                            "total": 629.3712257999958,
                                            "count": 65503,
                                            "is_parallel": true,
                                            "self": 280.28439100000236,
                                            "children": {
                                                "steps_from_proto": {
                                                    "total": 0.004302199999999701,
                                                    "count": 1,
                                                    "is_parallel": true,
                                                    "self": 0.00025569999999852655,